district,province,fcs_poor_pct,fcs_borderline_pct
Rwamagana,East,1,15
Nyagatare,East,1,5
Gatsibo,East,2,19
Kayonza,East,0,8
Kirehe,East,3,15
Ngoma,East,4,15
Bugesera,East,0,19
Nyarugenge,Kigali City,1,13
Gasabo,Kigali City,1,7
Kicukiro,Kigali City,0,3
Rulindo,North,1,13
Gakenke,North,1,14
Musanze,North,1,19
Burera,North,3,16
Gicumbi,North,0,10
Nyanza,South,1,14
Gisagara,South,1,20
Nyaruguru,South,2,15
Huye,South,3,17
Nyamagabe,South,4,23
Ruhango,South,3,18
Muhanga,South,1,17
Kamonyi,South,0,9
Karongi,West,2,19
Rutsiro,West,3,25
Rubavu,West,2,29
Nyabihu,West,0,17
Ngororero,West,2,19
Rusizi,West,1,11
Nyamasheke,West,6,29
