district,province,calc_establishments_per_1000_adults,calc_excluded_adults_2024,calc_informal_only_adults_2024,calc_rssb_members_per_100_adults,cbhi_registrations,census_disability_prevalence,census_electricity,census_female_headed_hh,census_hh_mobile_phone,census_internet_use_16plus,census_medical_insurance,census_moderately_poor,census_mpi,census_mpi_headcount,census_nonpoor,census_older_people_mobile_phone,census_older_people_share,census_population,census_severely_poor,census_vulnerable,cfsva_fcs_borderline,cfsva_fcs_poor,cfsva_hazard_any,cfsva_hazard_drought,cfsva_hazard_floods,cfsva_hazard_landslides,cfsva_inadequate_food_consumption,dhs_severe_stunting,dhs_stunting,dhs_underweight,dhs_wasting,ec_establishments,ec_informal_employment_share,ec_informal_enterprises_share,eicv7_electricity_lighting,eicv7_health_insurance,eicv7_hh_mobile_phone,eicv7_hh_sending_transfers,eicv7_hh_smartphone,eicv7_improved_sanitation,eicv7_improved_water,eicv7_internet_home,eicv7_metal_roof,eicv7_poverty_rate,eicv7_umudugudu,eicv7_workforce_ratio,finscope2020_banked_incl_otc,finscope_banked,finscope_excluded,finscope_formally_included,finscope_informal_only,finscope_not_formally_included,finscope_other_formal_only,lfs_employment_ratio,lfs_labour_underutilisation,lfs_median_monthly_earnings,lfs_neet_youth,lfs_outside_labour_force,lfs_participation_rate,lfs_unemployment_rate,proj_adults_16plus_2024,proj_adults_16plus_2026,proj_women_16plus_2024,proj_women_16plus_2026,proj_youth_16_30_2024,proj_youth_16_30_2026,rssb_active_members
Nyarugenge,Kigali City,86.6452,,,62.5602,243052.0,2.2,92.9,25.4,92.8,44.1,95.6,7.0,0.038,9.0,78.9,65.1,3.3,374319.0,2.0,12.0,13.0,1.0,20.0,16.0,1.0,3.0,14.0,1.9,8.7,5.0,0.5,22704.0,33.4932,80.1762,94.7493,81.7646,94.0582,89.5015,68.96,100.0,99.4008,65.6529,99.5931,6.7999,17.7886,73.0787,78.0,59.0,,99.0,,1.0,40.0,65.7079,37.5575,80000.0,19.4153,24.9809,75.0191,12.4118,262034.0,274111.0,121834.0,127388.0,126951.0,128867.0,163929.0
Gasabo,Kigali City,40.6559,6176.22,12352.44,44.4312,489434.0,2.0,86.5,23.6,91.3,40.8,96.4,8.6,0.047,11.2,76.4,62.7,3.2,879505.0,2.5,12.4,7.0,1.0,16.0,8.0,7.0,0.0,8.0,2.6,16.0,6.4,0.8,25110.0,27.6205,81.1125,88.7159,86.2534,96.5086,68.4681,66.9533,98.9197,96.2672,63.6729,97.9423,11.0587,27.9902,74.0293,80.0,51.0,1.0,97.0,2.0,3.0,46.0,63.7593,42.1045,80000.0,21.2616,28.2199,71.7801,11.1742,617622.0,676813.0,306136.0,337607.0,296762.0,315946.0,274417.0
Kicukiro,Kigali City,47.3994,7202.62,7202.62,20.6553,256878.0,1.8,92.9,23.7,94.3,52.5,95.9,5.3,0.028,6.7,83.4,76.5,2.9,491731.0,1.4,9.9,3.0,0.0,17.0,8.0,7.0,0.0,3.0,0.7,14.3,3.2,1.2,17070.0,30.75,81.8943,94.7404,82.0751,97.6315,74.6928,73.6584,100.0,99.6613,70.3222,99.0273,6.9251,35.557,70.9934,78.0,62.0,2.0,97.0,2.0,3.0,35.0,66.3693,41.3597,100000.0,19.0726,23.5394,76.4606,13.198,360131.0,389428.0,177140.0,192233.0,182364.0,191678.0,74386.0
Nyanza,South,23.7887,9019.4,9019.4,3.1466,321006.0,3.5,51.7,34.1,69.3,9.8,93.4,28.8,0.177,40.0,36.5,29.3,8.2,365718.0,11.3,23.4,14.0,1.0,71.0,51.0,19.0,1.0,15.0,5.9,23.6,7.3,1.3,5364.0,47.217,90.8949,62.6468,82.3204,77.415,66.2185,20.9747,84.2849,89.1429,14.951,53.5435,43.272,70.9378,77.3135,36.0,17.0,4.0,91.0,4.0,9.0,74.0,54.5212,48.7895,26000.0,26.4351,36.9727,63.0273,13.4959,225485.0,232460.0,117208.0,120456.0,90048.0,93151.0,7095.0
Gisagara,South,18.8245,9602.36,21605.31,2.4715,372835.0,2.9,52.6,35.2,66.5,7.2,97.2,33.4,0.196,45.2,32.7,30.6,7.6,397051.0,11.8,22.1,20.0,1.0,81.0,38.0,40.0,0.0,21.0,7.7,33.2,9.2,0.0,4519.0,39.4171,79.9163,50.2609,85.0449,67.7994,89.1752,15.095,82.6169,98.528,28.4913,41.8465,45.5912,81.3931,87.3953,15.0,10.0,4.0,87.0,9.0,13.0,77.0,51.5145,64.924,26000.0,35.4914,41.2479,58.7521,12.3189,240059.0,251989.0,129897.0,135493.0,101690.0,107213.0,5933.0
Nyaruguru,South,23.7456,18841.4,9420.7,8.9967,312463.0,3.1,65.8,30.7,67.6,7.2,98.4,30.3,0.156,37.8,37.7,25.4,8.2,318126.0,7.5,24.6,15.0,2.0,70.0,37.0,20.0,8.0,17.0,6.5,23.9,7.6,0.1,4474.0,29.4734,84.14,70.7196,90.096,75.247,95.5419,18.4162,98.2124,85.9668,16.8428,30.0772,39.6985,84.9874,89.3356,19.0,6.0,10.0,84.0,5.0,16.0,78.0,42.2402,73.827,31200.0,32.92,48.8758,51.1242,17.3772,188414.0,192697.0,100711.0,102562.0,82593.0,84731.0,16951.0
Huye,South,27.5079,14672.88,14672.88,4.7488,325879.0,3.6,56.4,34.9,70.1,14.1,96.2,24.7,0.133,31.5,45.8,28.6,8.5,381900.0,6.8,22.7,17.0,3.0,64.0,31.0,29.0,2.0,20.0,5.4,27.1,4.4,1.1,6727.0,38.5687,79.9113,70.6312,82.8771,79.2286,83.9962,30.19,99.1716,97.9307,28.0568,55.1653,24.1907,80.2453,82.3383,28.0,15.0,6.0,88.0,6.0,12.0,73.0,53.3343,58.0247,31200.0,25.6299,39.1179,60.8821,12.3973,244548.0,253471.0,123707.0,127253.0,97622.0,101723.0,11613.0
Nyamagabe,South,29.1321,2339.0,9356.0,6.2954,341195.0,3.2,46.7,30.7,70.5,7.4,98.3,30.7,0.167,38.8,32.8,28.5,8.4,371501.0,8.1,28.3,23.0,4.0,80.0,33.0,21.0,22.0,27.0,6.3,29.4,7.2,0.7,6814.0,40.9288,90.869,58.1843,86.002,71.8498,65.3892,15.0596,92.5273,81.564,9.2381,22.9565,51.3941,64.7556,82.8067,22.0,11.0,1.0,95.0,4.0,5.0,84.0,52.5567,47.2251,31200.0,25.4974,39.2161,60.7839,13.5351,233900.0,239176.0,125437.0,127728.0,102204.0,105072.0,14725.0
Ruhango,South,25.5752,6721.35,11202.25,3.19,343213.0,4.0,58.6,32.7,71.2,8.7,96.4,27.3,0.156,36.0,38.8,36.2,8.4,359121.0,8.7,25.2,18.0,3.0,61.0,38.0,22.0,0.0,21.0,4.8,22.0,5.4,0.6,5730.0,43.0971,90.2133,69.1725,83.8207,75.71,97.0333,21.8363,90.5734,90.4723,18.6493,28.0725,14.9933,62.7411,84.9832,40.0,22.0,3.0,92.0,5.0,8.0,70.0,48.1024,57.4386,31200.0,28.2984,46.8997,53.1003,9.4122,224045.0,230569.0,120025.0,123022.0,88275.0,91169.0,7147.0
Muhanga,South,35.2373,4675.16,11687.9,4.9748,324772.0,3.2,57.2,29.1,77.9,14.9,98.0,22.6,0.107,26.2,50.4,36.6,8.5,358433.0,3.6,23.4,17.0,1.0,74.0,27.0,25.0,22.0,18.0,4.1,26.6,5.7,0.0,8237.0,48.4537,91.2051,67.4805,89.8348,82.7658,76.5514,28.9848,95.7856,92.4225,25.6891,26.4202,14.9517,70.5712,80.3955,23.0,17.0,2.0,93.0,5.0,7.0,76.0,50.0182,65.2723,39000.0,32.3051,42.7844,57.2156,12.5793,233758.0,240405.0,122206.0,125073.0,93941.0,97159.0,11629.0
Kamonyi,South,30.6137,8775.48,11700.64,2.5185,412417.0,2.8,54.0,28.1,79.6,14.4,97.7,21.8,0.111,26.6,49.2,41.0,7.3,450849.0,4.8,24.2,9.0,0.0,52.0,19.0,27.0,6.0,9.0,3.7,21.1,6.7,1.6,8955.0,51.7338,89.5351,62.5056,80.5951,84.2769,52.4275,29.1179,86.1707,89.2491,24.1568,65.1267,39.6457,62.4597,74.727,30.0,16.0,3.0,92.0,4.0,8.0,76.0,46.6026,63.6259,46800.0,28.7575,43.5732,56.4268,17.4106,292516.0,310989.0,154084.0,162996.0,119041.0,127186.0,7367.0
Karongi,West,26.4333,6896.97,13793.94,5.0653,326229.0,3.4,50.3,31.8,74.1,9.5,97.8,28.0,0.145,34.3,36.8,29.3,7.9,373869.0,6.3,28.9,19.0,2.0,62.0,9.0,33.0,16.0,21.0,10.9,33.5,4.8,0.7,6077.0,30.6357,91.8731,67.7587,85.0689,84.2583,96.9719,25.8882,98.14,78.521,24.0483,45.6825,38.1894,56.0551,85.2765,14.0,8.0,3.0,91.0,6.0,9.0,83.0,55.4705,66.8917,31200.0,22.2061,36.9213,63.0787,12.0614,229899.0,237314.0,123538.0,126795.0,97569.0,100926.0,11645.0
Rutsiro,West,28.5326,13525.56,13525.56,2.9597,340844.0,2.8,50.2,28.7,73.0,6.4,97.7,30.2,0.172,39.6,31.5,30.4,6.9,369180.0,9.4,28.9,25.0,3.0,70.0,35.0,9.0,25.0,28.0,9.5,33.8,8.9,2.2,6432.0,46.7123,95.0411,71.062,82.2604,82.2606,94.4315,20.5296,95.3351,63.8242,16.1785,12.3026,40.7777,82.2174,89.2729,16.0,9.0,6.0,87.0,6.0,13.0,78.0,56.5443,63.5608,31200.0,26.3146,33.0281,66.9719,15.57,225426.0,233232.0,120578.0,124198.0,102526.0,106390.0,6672.0
Rubavu,West,38.7878,10060.89,13414.52,4.9919,429929.0,2.6,71.4,28.2,79.3,19.0,95.6,22.4,0.147,32.9,49.2,39.2,4.8,546683.0,10.5,17.9,29.0,2.0,84.0,13.0,41.0,27.0,31.0,9.6,33.1,5.6,0.6,13008.0,54.4516,89.8498,74.4547,79.4928,85.041,90.2309,43.3491,89.4576,95.7865,27.4813,78.2204,38.8069,70.1507,70.7287,36.0,22.0,3.0,93.0,4.0,7.0,71.0,60.0264,50.587,52000.0,23.1866,31.2555,68.7445,12.6819,335363.0,359181.0,172559.0,183880.0,163829.0,176392.0,16741.0
Nyabihu,West,25.5146,15417.04,9635.65,7.5049,296794.0,3.2,47.0,30.9,76.1,8.5,98.5,28.3,0.147,34.9,35.5,36.1,6.3,319047.0,6.6,29.6,17.0,0.0,70.0,6.0,10.0,52.0,17.0,7.0,32.7,3.2,0.0,4917.0,32.0842,93.7862,60.5958,87.4721,85.7764,87.322,26.0534,86.3678,82.4412,22.0922,60.1747,20.4061,68.253,84.0646,17.0,13.0,8.0,87.0,5.0,13.0,74.0,60.789,64.0105,39000.0,17.4801,34.6625,65.3375,6.9615,192713.0,197272.0,105447.0,107496.0,91660.0,94195.0,14463.0
Ngororero,West,28.4178,15427.3,11019.5,2.4189,353270.0,2.8,40.5,32.1,72.4,6.1,98.6,31.1,0.164,38.5,30.1,34.6,7.2,367955.0,7.4,31.4,19.0,2.0,72.0,4.0,17.0,51.0,21.0,6.5,35.8,3.4,0.0,6263.0,34.6271,93.3798,67.9727,87.7608,82.4302,97.7399,19.4009,95.0393,82.7774,13.849,27.7736,30.2444,60.8103,87.6824,8.0,10.0,7.0,88.0,5.0,12.0,78.0,55.3237,70.3359,31200.0,25.7729,39.4511,60.5489,8.6298,220390.0,226564.0,122423.0,125379.0,95153.0,98101.0,5331.0
Rusizi,West,31.0269,17437.14,14530.95,5.4239,440030.0,3.0,67.3,27.3,81.0,13.8,98.2,26.3,0.143,34.0,43.2,38.4,7.4,485529.0,7.7,22.8,11.0,1.0,42.0,12.0,12.0,13.0,12.0,10.7,31.0,5.2,1.2,9017.0,47.7163,90.8327,78.8461,78.0944,90.4394,95.6773,40.593,99.3922,94.2396,44.1355,97.4788,44.1631,82.1344,77.1777,21.0,22.0,6.0,90.0,5.0,10.0,68.0,47.7466,66.0806,39000.0,28.0732,43.8043,56.1957,15.0351,290619.0,304940.0,151590.0,158123.0,128037.0,134899.0,15763.0
Nyamasheke,West,25.0532,15456.72,7728.36,6.1441,413430.0,3.7,61.5,28.8,82.1,9.6,98.8,26.8,0.133,32.2,41.2,39.8,8.1,434221.0,5.4,26.6,29.0,6.0,54.0,31.0,14.0,8.0,35.0,8.4,29.6,6.0,1.9,6454.0,34.2402,91.0235,74.2722,83.9703,87.3734,95.8957,29.7978,97.5223,88.0188,25.5767,87.6754,42.6716,78.3724,78.6736,21.0,13.0,6.0,91.0,3.0,9.0,78.0,44.629,67.5915,39000.0,28.8368,45.299,54.701,18.4127,257612.0,266851.0,140675.0,144966.0,108136.0,112237.0,15828.0
Rulindo,North,25.9635,18737.04,9368.52,8.9525,340010.0,2.8,54.7,27.4,77.8,10.8,98.6,22.4,0.105,25.9,48.4,30.9,7.6,360144.0,3.5,25.6,13.0,1.0,66.0,34.0,19.0,11.0,14.0,3.7,27.9,6.0,1.1,6081.0,26.6145,87.7659,67.2106,90.4084,86.5622,82.09,28.9885,92.7751,87.4445,25.9815,67.724,21.6374,54.4963,86.5983,36.0,13.0,8.0,87.0,4.0,13.0,74.0,61.3104,55.3382,31200.0,18.4818,29.9849,70.0151,12.4325,234213.0,248387.0,125156.0,132182.0,98078.0,103492.0,20968.0
Gakenke,North,26.3554,18831.84,11769.9,2.8951,373137.0,2.9,49.7,27.4,76.2,7.1,99.7,26.4,0.12,29.8,40.5,28.9,8.5,365292.0,3.4,29.6,14.0,1.0,63.0,16.0,0.0,30.0,15.0,3.9,26.0,3.7,0.7,6204.0,48.1391,93.0916,67.1466,96.3497,81.4281,92.9631,22.7753,93.0065,84.1381,18.0957,72.7545,24.474,85.9244,89.9241,15.0,18.0,8.0,87.0,5.0,13.0,69.0,57.1336,64.5308,26000.0,25.3596,38.5899,61.4101,6.9638,235398.0,242011.0,127730.0,131004.0,98184.0,100404.0,6815.0
Musanze,North,42.2267,3135.46,15677.3,5.0745,404862.0,2.7,62.9,27.7,81.6,18.1,98.3,23.0,0.118,28.1,50.0,35.1,6.1,476522.0,5.1,21.9,19.0,1.0,35.0,7.0,9.0,18.0,20.0,4.5,31.9,2.7,0.0,13240.0,52.3165,86.694,72.8852,88.927,88.5097,96.3997,38.4517,96.322,91.7511,31.9387,88.8593,20.9807,68.4482,80.7525,23.0,24.0,1.0,95.0,5.0,5.0,71.0,60.6241,52.7032,52000.0,22.0068,31.2604,68.7396,11.8061,313546.0,334434.0,167127.0,177649.0,148273.0,157869.0,15911.0
Burera,North,25.6086,2433.95,4867.9,3.0288,381650.0,3.2,52.7,25.4,77.6,7.6,99.1,29.5,0.139,34.3,38.1,29.8,7.1,387729.0,4.8,27.6,16.0,3.0,80.0,14.0,59.0,6.0,19.0,10.1,37.6,4.2,0.0,6233.0,51.0034,94.7721,67.3964,93.0398,82.9521,81.7944,23.0788,93.6334,90.5643,16.9649,90.1004,21.7915,79.8698,79.5798,13.0,11.0,1.0,98.0,2.0,2.0,87.0,54.1575,65.3514,39000.0,20.0625,35.2069,64.7931,16.4148,243395.0,253903.0,130401.0,135749.0,117630.0,122296.0,7372.0
Gicumbi,North,30.0363,20137.95,31645.35,5.5707,433201.0,3.2,49.1,26.5,74.5,9.5,99.2,26.8,0.129,31.7,41.6,27.8,7.6,448824.0,4.9,26.8,10.0,0.0,51.0,32.0,13.0,5.0,10.0,5.4,38.8,5.1,1.1,8641.0,47.5717,88.8915,61.5306,90.7737,83.1371,87.1729,27.5709,98.5823,99.1892,22.1949,94.2331,13.3114,57.5133,87.8723,16.0,8.0,7.0,83.0,11.0,17.0,75.0,48.495,67.2982,31200.0,29.1291,40.7687,59.2313,18.126,287685.0,299098.0,151357.0,156733.0,128726.0,133219.0,16026.0
Rwamagana,East,29.5043,6515.66,9773.49,3.5696,376048.0,2.7,67.6,30.3,81.1,16.8,97.5,20.6,0.112,26.5,53.3,41.1,5.8,484953.0,5.9,20.2,15.0,1.0,25.0,24.0,1.0,0.0,16.0,5.7,19.2,6.2,1.1,9612.0,44.8891,90.4792,80.3734,82.6755,84.7015,63.8584,39.2059,93.3482,93.6967,36.7679,99.122,23.8604,79.6008,76.5713,32.0,27.0,2.0,95.0,3.0,5.0,68.0,56.5806,49.5442,39000.0,22.4526,35.9353,64.0647,11.682,325783.0,359977.0,160332.0,176054.0,143530.0,159221.0,11629.0
Nyagatare,East,23.47,12196.83,16262.44,2.1738,549611.0,3.2,54.5,27.9,78.9,11.0,96.1,27.5,0.164,37.3,38.4,45.9,5.6,653861.0,9.8,24.3,5.0,1.0,40.0,29.0,9.0,2.0,6.0,8.8,27.8,7.4,1.1,9542.0,44.7811,87.4289,64.3587,81.5571,84.0064,81.4879,26.6328,92.9499,87.259,23.0428,99.7843,36.3664,82.4727,72.7633,28.0,17.0,3.0,94.0,4.0,6.0,77.0,56.4004,55.9042,26000.0,23.4168,37.3591,62.6409,9.9625,406561.0,441143.0,212645.0,230675.0,193226.0,210204.0,8838.0
Gatsibo,East,21.969,3416.18,10248.54,2.3848,462329.0,3.0,48.8,29.3,71.4,9.9,96.7,28.2,0.162,37.4,37.4,31.9,6.5,551164.0,9.2,25.2,19.0,2.0,70.0,58.0,11.0,0.0,21.0,9.1,29.4,5.8,0.8,7505.0,44.1982,90.4308,63.9307,84.4712,82.6044,92.3209,25.735,94.5,86.9755,15.2713,97.5559,18.4062,70.9526,77.404,26.0,23.0,1.0,96.0,3.0,4.0,73.0,58.3637,52.0479,26000.0,24.2812,34.0639,65.9361,11.4844,341618.0,363325.0,181884.0,193181.0,154683.0,164784.0,8147.0
Kayonza,East,29.3918,14209.75,22735.6,4.4082,386487.0,3.3,57.9,30.1,76.2,11.0,96.9,26.5,0.152,35.2,41.4,39.9,6.1,457156.0,8.8,23.4,8.0,0.0,52.0,39.0,9.0,2.0,8.0,7.4,26.1,7.3,0.8,8353.0,49.5026,92.1946,70.7363,83.0471,82.6327,96.4054,28.7788,94.6698,89.4078,14.2805,98.6753,36.5544,83.574,77.5087,33.0,11.0,5.0,87.0,8.0,13.0,76.0,58.1734,53.7184,30000.0,24.3763,35.952,64.048,9.1722,284195.0,304886.0,150237.0,160955.0,128512.0,138114.0,12528.0
Kirehe,East,26.3483,8657.88,14429.8,2.9948,401788.0,3.1,57.1,30.8,76.9,10.0,98.3,27.7,0.145,34.9,43.1,36.2,6.4,460860.0,7.2,22.0,15.0,3.0,61.0,31.0,26.0,0.0,18.0,6.7,31.7,8.8,0.2,7604.0,51.2778,88.6757,75.5538,89.4097,84.4661,86.4759,25.3749,95.8913,86.4218,16.6873,99.2061,14.2371,92.9425,85.5391,27.0,7.0,3.0,93.0,5.0,7.0,86.0,51.8722,67.06,26000.0,29.5403,42.8314,57.1686,9.2646,288596.0,310762.0,153764.0,165344.0,131294.0,141667.0,8643.0
Ngoma,East,29.1284,19840.4,14880.3,2.7302,373065.0,3.3,58.3,31.4,71.4,9.3,96.2,27.4,0.161,37.1,40.5,32.2,7.0,404048.0,9.7,22.4,15.0,4.0,45.0,23.0,10.0,3.0,19.0,8.5,26.9,12.4,1.1,7224.0,51.6838,93.2613,71.2825,89.8085,79.1026,89.3579,25.131,91.1737,74.9945,19.7539,100.0,30.939,91.2482,87.6131,24.0,9.0,8.0,86.0,6.0,14.0,77.0,53.5226,61.8648,26000.0,28.0428,40.4506,59.5494,10.1207,248005.0,260430.0,134200.0,140895.0,103689.0,108944.0,6771.0
Bugesera,East,32.0142,7006.26,17515.65,2.7581,431457.0,3.1,60.8,28.8,78.3,16.9,96.1,23.8,0.148,33.4,45.2,40.2,5.6,551103.0,9.6,21.4,19.0,0.0,37.0,25.0,12.0,0.0,19.0,4.5,20.8,4.7,2.2,11215.0,54.647,92.641,75.0351,83.7305,87.6572,91.8626,42.7871,94.5171,87.6944,38.4581,98.0988,23.6986,88.6583,79.7056,32.0,23.0,2.0,94.0,5.0,6.0,71.0,58.3924,46.6615,43333.332,21.9751,32.6474,67.3526,13.3034,350313.0,385957.0,179424.0,196985.0,158282.0,175065.0,9662.0
