district,province,poverty_rate_2024_pct,poverty_rate_2017_modelled_pct,change_pp,rank_2024_poorest_is_30
Nyamagabe,South,51.4,67.6,-16.2,30
Gisagara,South,45.6,59.5,-13.9,29
Rusizi,West,44.2,59.0,-14.9,28
Nyanza,South,43.3,46.9,-3.6,27
Nyamasheke,West,42.8,53.6,-10.8,26
Rutsiro,West,40.8,59.9,-19.1,25
Nyaruguru,South,39.7,52.6,-12.9,24
Kamonyi,South,39.7,53.0,-13.3,23
Rubavu,West,38.8,49.2,-10.4,22
Karongi,West,38.2,53.0,-14.8,21
Kayonza,East,36.6,51.0,-14.5,20
Nyagatare,East,36.4,48.6,-12.3,19
Ngoma,East,30.9,34.0,-3.1,18
Ngororero,West,30.2,44.4,-14.2,17
Gakenke,North,24.5,36.7,-12.2,16
Huye,South,24.2,39.4,-15.3,15
Rwamagana,East,23.8,29.6,-5.7,14
Bugesera,East,23.7,40.8,-17.1,13
Burera,North,22.0,25.5,-3.5,12
Rulindo,North,21.6,35.2,-13.6,11
Musanze,North,21.0,42.3,-21.3,10
Nyabihu,West,20.2,39.6,-19.4,9
Gatsibo,East,18.4,38.0,-19.6,8
Ruhango,South,15.0,26.2,-11.2,7
Muhanga,South,15.0,33.2,-18.3,6
Kirehe,East,14.2,26.0,-11.7,5
Gicumbi,North,13.3,24.6,-11.3,4
Gasabo,Kigali City,11.1,18.1,-7.0,3
Kicukiro,Kigali City,6.9,8.2,-1.3,2
Nyarugenge,Kigali City,6.8,11.6,-4.8,1
Rwanda,National,27.4,39.8,-12.4,
