district,province,banked_pct,other_formal_nonbank_pct,informal_only_pct,excluded_pct,note
Burera,North,11,87,2,1,
Nyarugenge,Kigali City,59,40,,,"chart shows only one label (1) for informal-only + excluded combined; split unresolved"
Nyamagabe,South,11,84,4,1,
Gatsibo,East,23,73,3,1,
Musanze,North,24,71,5,1,
Gasabo,Kigali City,51,46,2,1,
Bugesera,East,23,71,5,2,
Kicukiro,Kigali City,62,35,2,2,
Muhanga,South,17,76,5,2,
Rwamagana,East,27,68,3,2,
Nyagatare,East,17,77,4,3,
Ruhango,South,22,70,5,3,
Kamonyi,South,16,76,4,3,
Kirehe,East,7,86,5,3,
Karongi,West,8,83,6,3,
Rubavu,West,22,71,4,3,
Gisagara,South,10,77,9,4,
Nyanza,South,17,74,4,4,
Kayonza,East,11,76,8,5,
Huye,South,15,73,6,6,
Nyamasheke,West,13,78,3,6,
Rusizi,West,22,68,5,6,
Rutsiro,West,9,78,6,6,
Gicumbi,North,8,75,11,7,
Ngororero,West,10,78,5,7,
Gakenke,North,18,69,5,8,
Nyabihu,West,13,74,5,8,
Rulindo,North,13,74,4,8,
Ngoma,East,9,77,6,8,
Nyaruguru,South,6,78,5,10,
Rwanda,National,22,70,4,4,
