district,province,banked_incl_otc_pct
Gasabo,Kigali City,80
Nyarugenge,Kigali City,78
Kicukiro,Kigali City,78
Ruhango,South,40
Nyanza,South,36
Rulindo,North,36
Rubavu,West,36
Kayonza,East,33
Rwamagana,East,32
Bugesera,East,32
Kamonyi,South,30
Huye,South,28
Nyagatare,East,28
Kirehe,East,27
Gatsibo,East,26
Ngoma,East,24
Muhanga,South,23
Musanze,North,23
Nyamagabe,South,22
Nyamasheke,West,21
Rusizi,West,21
Nyaruguru,South,19
Nyabihu,West,17
Gicumbi,North,16
Rutsiro,West,16
Gisagara,South,15
Gakenke,North,15
Karongi,West,14
Burera,North,13
Ngororero,West,8
