district,province,sector,population_2022,population_male_2022,population_female_2022,nonpoor_pct,vulnerable_pct,moderately_poor_pct,severely_poor_pct,mpi_headcount_pct,mpi_intensity,mpi
Nyarugenge,Kigali City,Gitega,26668.0,13699.0,12969.0,90.0,7.5,2.2,0.3,2.5,0.394,0.01
Nyarugenge,Kigali City,Kanyinya,31026.0,15776.0,15250.0,65.7,18.5,12.6,3.2,15.7,0.41,0.065
Nyarugenge,Kigali City,Kigali,61499.0,32124.0,29375.0,68.1,17.6,11.4,3.0,14.3,0.411,0.059
Nyarugenge,Kigali City,Kimisagara,56534.0,28905.0,27629.0,86.4,9.7,3.4,0.5,3.9,0.398,0.015
Nyarugenge,Kigali City,Mageregere,59747.0,34038.0,25709.0,56.3,18.7,18.1,6.9,25.0,0.426,0.107
Nyarugenge,Kigali City,Muhima,22531.0,12286.0,10245.0,91.7,6.4,1.7,0.2,1.9,0.387,0.007
Nyarugenge,Kigali City,Nyakabanda,29580.0,14752.0,14828.0,89.7,7.6,2.3,0.4,2.7,0.396,0.01
Nyarugenge,Kigali City,Nyamirambo,55315.0,27838.0,27477.0,83.7,9.9,4.7,1.6,6.3,0.426,0.027
Nyarugenge,Kigali City,Nyarugenge,16665.0,8806.0,7859.0,90.6,7.0,2.2,0.2,2.4,0.386,0.009
Nyarugenge,Kigali City,Rwezamenyo,14754.0,7556.0,7198.0,94.0,4.9,1.0,0.0,1.1,0.374,0.004
Gasabo,Kigali City,Bumbogo,112899.0,56361.0,56538.0,71.3,14.4,10.9,3.4,14.3,0.421,0.06
Gasabo,Kigali City,Gatsata,46262.0,24146.0,22116.0,84.0,11.2,3.9,0.8,4.8,0.409,0.02
Gasabo,Kigali City,Gikomero,19630.0,9567.0,10063.0,38.6,25.0,28.7,7.8,36.5,0.428,0.156
Gasabo,Kigali City,Gisozi,75611.0,38995.0,36616.0,85.9,9.1,4.0,0.9,5.0,0.406,0.02
Gasabo,Kigali City,Jabana,63862.0,31600.0,32262.0,69.5,14.9,12.1,3.5,15.6,0.416,0.065
Gasabo,Kigali City,Jali,41156.0,20279.0,20877.0,60.2,17.7,17.0,5.0,22.0,0.419,0.092
Gasabo,Kigali City,Kacyiru,30036.0,15994.0,14042.0,93.0,5.4,1.4,0.1,1.6,0.385,0.006
Gasabo,Kigali City,Kimihurura,16425.0,8599.0,7826.0,91.5,6.8,1.6,0.1,1.7,0.378,0.007
Gasabo,Kigali City,Kimironko,61733.0,31721.0,30012.0,91.7,6.0,1.9,0.3,2.2,0.395,0.009
Gasabo,Kigali City,Kinyinya,125400.0,63081.0,62319.0,84.5,10.5,4.2,0.8,5.0,0.404,0.02
Gasabo,Kigali City,Ndera,95164.0,48058.0,47106.0,73.0,13.7,9.9,3.4,13.3,0.429,0.057
Gasabo,Kigali City,Nduba,68424.0,33609.0,34815.0,62.5,16.6,16.0,4.9,20.8,0.425,0.088
Gasabo,Kigali City,Remera,38648.0,20300.0,18348.0,90.8,6.7,2.1,0.4,2.5,0.404,0.01
Gasabo,Kigali City,Rusororo,61787.0,30812.0,30975.0,68.5,14.7,12.0,4.7,16.7,0.438,0.073
Gasabo,Kigali City,Rutunga,22468.0,10865.0,11603.0,40.8,25.6,26.1,7.5,33.6,0.427,0.143
Kicukiro,Kigali City,Gahanga,79082.0,40127.0,38955.0,72.8,14.7,9.2,3.3,12.5,0.427,0.053
Kicukiro,Kigali City,Gatenga,67084.0,34465.0,32619.0,85.4,9.2,4.2,1.2,5.4,0.414,0.022
Kicukiro,Kigali City,Gikondo,19803.0,11383.0,8420.0,91.8,5.9,1.9,0.3,2.3,0.402,0.009
Kicukiro,Kigali City,Kagarama,21277.0,10839.0,10438.0,90.2,6.9,2.6,0.4,3.0,0.4,0.012
Kicukiro,Kigali City,Kanombe,72346.0,36321.0,36025.0,83.7,9.9,5.1,1.3,6.4,0.409,0.026
Kicukiro,Kigali City,Kicukiro,14039.0,7328.0,6711.0,93.3,5.3,1.2,0.2,1.4,0.397,0.005
Kicukiro,Kigali City,Kigarama,63153.0,32243.0,30910.0,86.4,8.8,3.9,0.8,4.8,0.407,0.019
Kicukiro,Kigali City,Masaka,78788.0,38739.0,40049.0,74.5,14.2,9.0,2.4,11.3,0.415,0.047
Kicukiro,Kigali City,Niboye,26912.0,13652.0,13260.0,94.2,4.3,1.4,0.1,1.5,0.378,0.006
Kicukiro,Kigali City,Nyarugunga,49247.0,24018.0,25229.0,94.1,4.1,1.6,0.3,1.8,0.384,0.007
Nyanza,South,Busasamana,50661.0,24292.0,26369.0,59.0,18.5,17.3,5.1,22.5,0.42,0.095
Nyanza,South,Busoro,39644.0,19054.0,20590.0,33.7,21.0,29.7,15.6,45.4,0.454,0.206
Nyanza,South,Cyabakamyi,23199.0,10989.0,12210.0,30.6,29.0,32.5,7.9,40.4,0.423,0.171
Nyanza,South,Kibilizi,40939.0,19705.0,21234.0,27.1,22.7,32.1,18.1,50.2,0.467,0.234
Nyanza,South,Kigoma,41004.0,19736.0,21268.0,36.3,22.5,30.2,10.9,41.2,0.432,0.178
Nyanza,South,Mukingo,45708.0,25312.0,20396.0,42.9,24.3,25.8,7.0,32.8,0.422,0.139
Nyanza,South,Muyira,42041.0,20085.0,21956.0,30.3,24.8,31.5,13.4,45.0,0.448,0.201
Nyanza,South,Ntyazo,33826.0,16202.0,17624.0,26.5,22.3,33.0,18.2,51.2,0.463,0.237
Nyanza,South,Nyagisozi,28092.0,13539.0,14553.0,30.4,29.2,32.1,8.2,40.3,0.428,0.173
Nyanza,South,Rwabicuma,20604.0,9731.0,10873.0,35.6,26.6,30.9,6.9,37.9,0.415,0.157
Gisagara,South,Gikonko,28772.0,13776.0,14996.0,32.2,21.9,34.5,11.5,45.9,0.433,0.199
Gisagara,South,Gishubi,31860.0,15366.0,16494.0,21.3,19.9,38.9,20.0,58.8,0.458,0.269
Gisagara,South,Kansi,22310.0,10465.0,11845.0,40.6,22.7,29.7,7.0,36.7,0.411,0.151
Gisagara,South,Kibirizi,31445.0,14806.0,16639.0,36.8,22.0,32.1,9.1,41.3,0.422,0.174
Gisagara,South,Kigembe,22488.0,10611.0,11877.0,32.8,24.3,35.6,7.3,42.9,0.416,0.179
Gisagara,South,Mamba,45283.0,21896.0,23387.0,30.1,20.9,32.3,16.7,49.0,0.452,0.221
Gisagara,South,Muganza,36530.0,17358.0,19172.0,29.8,21.4,34.8,14.0,48.8,0.439,0.214
Gisagara,South,Mugombwa,36469.0,17116.0,19353.0,41.2,21.5,29.7,7.6,37.3,0.421,0.157
Gisagara,South,Mukindo,32393.0,15621.0,16772.0,33.0,22.1,33.6,11.3,44.9,0.428,0.192
Gisagara,South,Musha,28762.0,13856.0,14906.0,30.7,21.5,34.4,13.4,47.8,0.438,0.21
Gisagara,South,Ndora,30171.0,14121.0,16050.0,30.7,22.7,33.1,13.5,46.6,0.443,0.206
Gisagara,South,Nyanza,19627.0,9281.0,10346.0,26.3,22.8,40.0,10.9,50.9,0.423,0.215
Gisagara,South,Save,30941.0,14692.0,16249.0,39.2,24.7,28.7,7.5,36.2,0.425,0.154
Nyaruguru,South,Busanze,29795.0,14369.0,15426.0,32.0,26.6,31.8,9.6,41.4,0.422,0.175
Nyaruguru,South,Cyahinda,24929.0,11952.0,12977.0,39.8,25.7,28.1,6.5,34.5,0.41,0.142
Nyaruguru,South,Kibeho,25885.0,12326.0,13559.0,46.4,23.3,23.8,6.5,30.4,0.421,0.128
Nyaruguru,South,Kivu,19812.0,9536.0,10276.0,37.1,24.6,31.0,7.3,38.3,0.408,0.156
Nyaruguru,South,Mata,16117.0,7780.0,8337.0,43.4,28.1,23.3,5.2,28.5,0.415,0.118
Nyaruguru,South,Muganza,21383.0,10201.0,11182.0,35.9,23.4,33.3,7.4,40.6,0.404,0.164
Nyaruguru,South,Munini,19760.0,9642.0,10118.0,37.5,29.2,27.5,5.8,33.3,0.414,0.138
Nyaruguru,South,Ngera,24242.0,11477.0,12765.0,35.9,23.0,33.0,8.1,41.1,0.41,0.169
Nyaruguru,South,Ngoma,24358.0,11514.0,12844.0,44.2,19.3,30.5,6.0,36.5,0.391,0.143
Nyaruguru,South,Nyabimata,18843.0,8850.0,9993.0,31.3,23.2,36.2,9.3,45.5,0.41,0.187
Nyaruguru,South,Nyagisozi,19674.0,9470.0,10204.0,48.1,18.7,28.5,4.8,33.3,0.391,0.13
Nyaruguru,South,Ruheru,27712.0,13095.0,14617.0,33.0,24.0,32.7,10.3,43.0,0.422,0.181
Nyaruguru,South,Ruramba,18705.0,8915.0,9790.0,37.9,27.1,28.8,6.2,35.0,0.412,0.144
Nyaruguru,South,Rusenge,26911.0,12853.0,14058.0,27.9,28.8,33.3,10.0,43.3,0.432,0.187
Huye,South,Gishamvu,14676.0,6931.0,7745.0,40.8,22.9,29.3,7.1,36.4,0.411,0.149
Huye,South,Huye,28232.0,13395.0,14837.0,48.8,22.0,22.0,7.2,29.2,0.428,0.125
Huye,South,Karama,18323.0,8597.0,9726.0,38.5,30.3,26.1,5.2,31.2,0.415,0.129
Huye,South,Kigoma,25455.0,12050.0,13405.0,42.1,26.0,27.0,4.9,31.9,0.403,0.129
Huye,South,Kinazi,33114.0,15708.0,17406.0,38.5,23.3,28.9,9.2,38.2,0.427,0.163
Huye,South,Maraba,26807.0,12850.0,13957.0,40.6,26.9,26.5,6.1,32.5,0.415,0.135
Huye,South,Mbazi,35807.0,17049.0,18758.0,47.5,23.3,23.4,5.8,29.2,0.416,0.122
Huye,South,Mukura,26340.0,12302.0,14038.0,46.0,18.2,26.6,9.2,35.8,0.431,0.154
Huye,South,Ngoma,35578.0,24499.0,11079.0,79.4,10.5,8.3,1.8,10.1,0.401,0.04
Huye,South,Ruhashya,24050.0,11369.0,12681.0,35.2,25.7,31.0,8.1,39.1,0.422,0.165
Huye,South,Rusatira,29842.0,14211.0,15631.0,38.0,22.8,28.8,10.5,39.2,0.434,0.17
Huye,South,Rwaniro,23239.0,11058.0,12181.0,27.5,30.5,33.8,8.2,42.0,0.425,0.179
Huye,South,Simbi,23284.0,11053.0,12231.0,38.9,27.3,28.0,5.9,33.8,0.413,0.14
Huye,South,Tumba,37153.0,17787.0,19366.0,68.8,13.9,12.5,4.8,17.3,0.429,0.074
Nyamagabe,South,Buruhukiro,27146.0,12955.0,14191.0,23.1,29.0,35.4,12.6,48.0,0.445,0.213
Nyamagabe,South,Cyanika,25693.0,12252.0,13441.0,40.6,27.7,27.3,4.5,31.7,0.41,0.13
Nyamagabe,South,Gasaka,41558.0,19489.0,22069.0,60.5,20.5,16.4,2.6,19.0,0.407,0.077
Nyamagabe,South,Gatare,19151.0,9781.0,9370.0,24.0,28.8,36.1,11.1,47.2,0.435,0.205
Nyamagabe,South,Kaduha,22898.0,10979.0,11919.0,27.0,26.9,34.8,11.3,46.2,0.44,0.203
Nyamagabe,South,Kamegeri,14400.0,6782.0,7618.0,28.4,32.1,31.7,7.9,39.5,0.426,0.168
Nyamagabe,South,Kibirizi,23287.0,11185.0,12102.0,34.2,33.5,27.8,4.6,32.3,0.417,0.135
Nyamagabe,South,Kibumbwe,13767.0,6461.0,7306.0,27.0,32.3,30.9,9.8,40.7,0.435,0.177
Nyamagabe,South,Kitabi,28172.0,13342.0,14830.0,27.7,28.8,33.9,9.6,43.5,0.432,0.188
Nyamagabe,South,Mbazi,12511.0,5929.0,6582.0,47.7,23.5,25.4,3.5,28.8,0.39,0.112
Nyamagabe,South,Mugano,19738.0,9412.0,10326.0,24.4,28.6,35.8,11.2,47.0,0.433,0.204
Nyamagabe,South,Musange,20345.0,9885.0,10460.0,42.1,26.9,26.0,4.9,31.0,0.404,0.125
Nyamagabe,South,Musebeya,20416.0,9551.0,10865.0,25.4,30.7,33.7,10.1,43.9,0.437,0.192
Nyamagabe,South,Mushubi,13972.0,6524.0,7448.0,29.7,27.6,35.4,7.4,42.8,0.421,0.18
Nyamagabe,South,Nkomane,18012.0,8411.0,9601.0,17.1,30.0,39.7,13.1,52.8,0.449,0.237
Nyamagabe,South,Tare,24561.0,11694.0,12867.0,33.1,29.5,29.2,8.2,37.5,0.432,0.162
Nyamagabe,South,Uwinkingi,25874.0,12093.0,13781.0,27.5,30.7,33.7,8.1,41.8,0.428,0.179
Ruhango,South,Bweramana,31152.0,15026.0,16126.0,41.2,25.7,25.7,7.4,33.1,0.427,0.141
Ruhango,South,Byimana,40046.0,19113.0,20933.0,51.8,23.9,20.2,4.2,24.3,0.411,0.1
Ruhango,South,Kabagali,25602.0,12022.0,13580.0,34.1,27.9,30.5,7.5,38.0,0.419,0.159
Ruhango,South,Kinazi,51016.0,24457.0,26559.0,31.7,23.8,31.2,13.4,44.5,0.45,0.2
Ruhango,South,Kinihira,25932.0,12281.0,13651.0,32.7,31.4,28.4,7.5,35.9,0.427,0.154
Ruhango,South,Mbuye,45747.0,22111.0,23636.0,31.6,25.0,31.0,12.4,43.4,0.447,0.194
Ruhango,South,Mwendo,25908.0,12485.0,13423.0,40.8,27.1,27.5,4.6,32.2,0.407,0.131
Ruhango,South,Ntongwe,38100.0,18275.0,19825.0,28.8,25.6,33.0,12.6,45.6,0.446,0.203
Ruhango,South,Ruhango,75618.0,36326.0,39292.0,47.6,22.8,23.0,6.7,29.7,0.427,0.127
Muhanga,South,Cyeza,34540.0,16410.0,18130.0,51.3,23.5,22.3,2.9,25.2,0.397,0.1
Muhanga,South,Kabacuzi,28192.0,13427.0,14765.0,43.3,26.8,26.6,3.4,30.0,0.4,0.12
Muhanga,South,Kibangu,20326.0,9612.0,10714.0,41.0,26.1,28.5,4.4,32.9,0.398,0.131
Muhanga,South,Kiyumba,23364.0,11009.0,12355.0,42.9,30.5,24.3,2.3,26.6,0.399,0.106
Muhanga,South,Muhanga,28700.0,13742.0,14958.0,49.2,25.0,22.9,2.9,25.8,0.4,0.103
Muhanga,South,Mushishiro,21071.0,9909.0,11162.0,45.1,26.0,25.5,3.4,28.9,0.399,0.115
Muhanga,South,Nyabinoni,16253.0,7640.0,8613.0,25.7,32.0,35.6,6.7,42.3,0.42,0.178
Muhanga,South,Nyamabuye,59961.0,28810.0,31151.0,79.2,11.3,7.9,1.6,9.5,0.407,0.039
Muhanga,South,Nyarusange,28308.0,13585.0,14723.0,37.1,28.4,28.3,6.2,34.5,0.422,0.145
Muhanga,South,Rongi,29389.0,13894.0,15495.0,30.5,31.1,32.5,6.0,38.5,0.415,0.16
Muhanga,South,Rugendabari,17363.0,8170.0,9193.0,39.4,28.0,29.5,3.1,32.6,0.398,0.13
Muhanga,South,Shyogwe,50966.0,27407.0,23559.0,61.4,17.2,17.2,4.2,21.4,0.412,0.088
Kamonyi,South,Gacurabwenge,36859.0,17625.0,19234.0,56.9,22.0,17.8,3.4,21.2,0.409,0.087
Kamonyi,South,Karama,20879.0,9926.0,10953.0,50.3,25.5,21.6,2.7,24.3,0.401,0.097
Kamonyi,South,Kayenzi,25209.0,12289.0,12920.0,49.6,25.1,22.3,3.0,25.2,0.398,0.1
Kamonyi,South,Kayumbu,17106.0,8262.0,8844.0,46.1,25.9,24.9,3.1,28.0,0.401,0.112
Kamonyi,South,Mugina,45894.0,21913.0,23981.0,33.5,27.4,30.2,9.0,39.1,0.43,0.168
Kamonyi,South,Musambira,42198.0,20013.0,22185.0,46.1,27.6,22.0,4.3,26.3,0.417,0.11
Kamonyi,South,Ngamba,16416.0,7991.0,8425.0,41.4,29.2,25.9,3.4,29.4,0.403,0.119
Kamonyi,South,Nyamiyaga,45645.0,21804.0,23841.0,34.8,29.2,28.2,7.8,36.0,0.428,0.154
Kamonyi,South,Nyarubaka,28225.0,13363.0,14862.0,42.1,27.1,26.3,4.6,30.9,0.412,0.127
Kamonyi,South,Rugarika,59952.0,29280.0,30672.0,51.6,22.3,20.6,5.4,26.1,0.424,0.111
Kamonyi,South,Rukoma,39688.0,19409.0,20279.0,48.7,25.7,21.9,3.8,25.7,0.408,0.105
Kamonyi,South,Runda,72778.0,35695.0,37083.0,69.4,15.2,11.9,3.5,15.4,0.427,0.066
Karongi,West,Bwishyura,40720.0,19930.0,20790.0,51.6,21.6,20.4,6.4,26.8,0.431,0.115
Karongi,West,Gashari,21263.0,10156.0,11107.0,36.5,32.1,27.3,4.0,31.4,0.413,0.13
Karongi,West,Gishyita,23687.0,11212.0,12475.0,45.3,24.6,25.8,4.3,30.1,0.404,0.121
Karongi,West,Gitesi,29312.0,14125.0,15187.0,29.6,31.1,31.4,7.9,39.3,0.424,0.167
Karongi,West,Mubuga,23455.0,11144.0,12311.0,38.1,24.7,30.4,6.9,37.2,0.416,0.155
Karongi,West,Murambi,22374.0,10484.0,11890.0,33.4,33.5,27.6,5.5,33.1,0.42,0.139
Karongi,West,Murundi,27236.0,12909.0,14327.0,20.9,34.4,34.7,10.0,44.7,0.435,0.195
Karongi,West,Mutuntu,25652.0,12237.0,13415.0,21.3,39.2,31.3,8.2,39.5,0.434,0.171
Karongi,West,Rubengera,40337.0,19188.0,21149.0,50.6,23.6,21.1,4.7,25.8,0.418,0.108
Karongi,West,Rugabano,34207.0,16223.0,17984.0,33.5,27.8,31.9,6.8,38.7,0.419,0.162
Karongi,West,Ruganda,19132.0,9184.0,9948.0,28.6,39.0,28.7,3.7,32.3,0.413,0.133
Karongi,West,Rwankuba,38286.0,18157.0,20129.0,39.9,23.5,29.9,6.7,36.6,0.419,0.153
Karongi,West,Twumba,28208.0,13468.0,14740.0,31.1,32.5,30.2,6.2,36.4,0.423,0.154
Rutsiro,West,Boneza,29206.0,15958.0,13248.0,40.8,32.3,22.6,4.3,26.9,0.415,0.111
Rutsiro,West,Gihango,27481.0,13042.0,14439.0,42.1,30.5,23.5,3.9,27.4,0.408,0.112
Rutsiro,West,Kigeyo,24308.0,11455.0,12853.0,34.5,26.1,32.2,7.1,39.3,0.419,0.165
Rutsiro,West,Kivumu,35027.0,16415.0,18612.0,38.5,21.2,31.4,8.9,40.3,0.42,0.169
Rutsiro,West,Manihira,19386.0,9235.0,10151.0,26.4,33.5,31.9,8.2,40.0,0.429,0.172
Rutsiro,West,Mukura,38627.0,18167.0,20460.0,21.1,32.9,34.0,12.1,46.0,0.446,0.205
Rutsiro,West,Murunda,23401.0,11306.0,12095.0,28.3,29.9,27.4,14.4,41.8,0.465,0.195
Rutsiro,West,Musasa,25716.0,12321.0,13395.0,35.8,29.0,29.5,5.8,35.3,0.417,0.147
Rutsiro,West,Mushonyi,24085.0,11331.0,12754.0,37.8,27.3,29.9,5.0,34.9,0.407,0.142
Rutsiro,West,Mushubati,31539.0,15002.0,16537.0,38.2,28.4,27.0,6.4,33.4,0.418,0.14
Rutsiro,West,Nyabirasi,33304.0,15630.0,17674.0,23.9,22.8,35.2,18.2,53.4,0.456,0.243
Rutsiro,West,Ruhango,30452.0,14314.0,16138.0,28.4,31.4,29.8,10.4,40.2,0.444,0.178
Rutsiro,West,Rusebeya,26648.0,12322.0,14326.0,16.3,32.1,36.5,15.0,51.5,0.451,0.233
Rubavu,West,Bugeshi,33892.0,16256.0,17636.0,33.6,24.0,31.0,11.4,42.4,0.433,0.183
Rubavu,West,Busasamana,40542.0,19399.0,21143.0,27.5,19.5,35.2,17.8,53.0,0.449,0.238
Rubavu,West,Cyanzarwe,38977.0,18662.0,20315.0,29.4,18.0,34.5,18.2,52.7,0.448,0.236
Rubavu,West,Gisenyi,51594.0,25456.0,26138.0,88.9,7.5,2.9,0.7,3.6,0.404,0.014
Rubavu,West,Kanama,37584.0,17738.0,19846.0,37.2,17.8,27.6,17.4,45.0,0.464,0.209
Rubavu,West,Kanzenze,23127.0,10821.0,12306.0,43.1,20.8,24.5,11.5,36.1,0.45,0.162
Rubavu,West,Mudende,32077.0,15253.0,16824.0,27.8,24.0,34.3,13.8,48.1,0.442,0.213
Rubavu,West,Nyakiriba,50834.0,28756.0,22078.0,56.9,16.0,18.1,9.0,27.1,0.449,0.122
Rubavu,West,Nyamyumba,48718.0,23728.0,24990.0,45.6,18.2,25.1,11.0,36.1,0.44,0.159
Rubavu,West,Nyundo,42305.0,20062.0,22243.0,37.9,24.3,26.4,11.4,37.8,0.447,0.169
Rubavu,West,Rubavu,80107.0,38764.0,41343.0,59.5,16.6,15.8,8.1,23.9,0.447,0.107
Rubavu,West,Rugerero,66926.0,32404.0,34522.0,57.9,17.6,17.4,7.2,24.5,0.439,0.108
Nyabihu,West,Bigogwe,34439.0,16385.0,18054.0,48.1,21.9,21.6,8.4,30.0,0.432,0.129
Nyabihu,West,Jenda,43168.0,20454.0,22714.0,41.7,26.4,24.2,7.6,31.9,0.431,0.137
Nyabihu,West,Jomba,21897.0,10253.0,11644.0,25.1,36.7,32.4,5.8,38.2,0.419,0.16
Nyabihu,West,Kabatwa,20841.0,9907.0,10934.0,49.5,24.4,21.8,4.3,26.1,0.407,0.106
Nyabihu,West,Karago,25832.0,12090.0,13742.0,25.0,33.9,33.1,8.0,41.1,0.427,0.176
Nyabihu,West,Kintobo,15315.0,7153.0,8162.0,25.2,39.1,30.4,5.3,35.8,0.42,0.15
Nyabihu,West,Mukamira,33013.0,15496.0,17517.0,49.6,25.9,20.4,4.1,24.5,0.415,0.101
Nyabihu,West,Muringa,22599.0,10606.0,11993.0,20.5,29.5,37.9,12.1,50.0,0.437,0.219
Nyabihu,West,Rambura,28820.0,13435.0,15385.0,29.9,31.1,31.9,7.2,39.0,0.424,0.166
Nyabihu,West,Rugera,26938.0,12554.0,14384.0,34.0,31.1,30.1,4.7,34.8,0.409,0.142
Nyabihu,West,Rurembo,24399.0,11500.0,12899.0,24.7,32.9,36.2,6.2,42.5,0.416,0.177
Nyabihu,West,Shyira,21786.0,10239.0,11547.0,36.0,31.9,27.7,4.5,32.2,0.408,0.131
Ngororero,West,Bwira,20012.0,9341.0,10671.0,30.9,31.9,32.6,4.6,37.2,0.407,0.151
Ngororero,West,Gatumba,24952.0,11718.0,13234.0,42.3,29.0,25.7,3.0,28.7,0.399,0.115
Ngororero,West,Hindiro,26040.0,12030.0,14010.0,33.8,31.9,29.2,5.1,34.3,0.41,0.141
Ngororero,West,Kabaya,36324.0,16932.0,19392.0,37.2,31.9,26.6,4.3,31.0,0.41,0.127
Ngororero,West,Kageyo,25929.0,12075.0,13854.0,35.0,31.4,28.9,4.7,33.6,0.408,0.137
Ngororero,West,Kavumu,32791.0,15019.0,17772.0,21.4,32.8,34.1,11.8,45.8,0.444,0.203
Ngororero,West,Matyazo,27673.0,12962.0,14711.0,22.0,35.9,34.3,7.9,42.2,0.424,0.179
Ngororero,West,Muhanda,31869.0,14678.0,17191.0,14.5,23.5,40.5,21.5,62.0,0.468,0.291
Ngororero,West,Muhororo,22273.0,10488.0,11785.0,40.7,29.2,26.9,3.2,30.1,0.4,0.12
Ngororero,West,Ndaro,24444.0,11317.0,13127.0,29.0,32.0,33.8,5.3,39.1,0.413,0.161
Ngororero,West,Ngororero,38823.0,18254.0,20569.0,40.3,29.4,26.4,3.9,30.2,0.405,0.122
Ngororero,West,Nyange,24859.0,11536.0,13323.0,32.3,34.1,28.8,4.8,33.6,0.414,0.139
Ngororero,West,Sovu,31966.0,14715.0,17251.0,13.8,35.6,37.0,13.6,50.6,0.457,0.232
Rusizi,West,Bugarama,42830.0,21197.0,21633.0,41.8,20.2,26.1,11.9,38.0,0.433,0.165
Rusizi,West,Butare,25483.0,12243.0,13240.0,17.8,32.6,34.5,15.1,49.6,0.462,0.229
Rusizi,West,Bweyeye,18109.0,9042.0,9067.0,25.3,28.3,33.6,12.8,46.4,0.442,0.205
Rusizi,West,Gashonga,26791.0,12869.0,13922.0,42.4,22.1,28.6,6.8,35.4,0.413,0.146
Rusizi,West,Giheke,20740.0,9739.0,11001.0,43.5,25.6,26.3,4.7,30.9,0.406,0.126
Rusizi,West,Gihundwe,41615.0,20404.0,21211.0,65.2,17.3,13.9,3.5,17.4,0.411,0.072
Rusizi,West,Gikundamvura,21909.0,10394.0,11515.0,30.5,21.8,35.2,12.5,47.7,0.432,0.206
Rusizi,West,Gitambi,25119.0,11866.0,13253.0,38.6,27.7,28.4,5.2,33.7,0.405,0.136
Rusizi,West,Kamembe,34883.0,19621.0,15262.0,74.5,14.6,9.0,1.8,10.8,0.405,0.044
Rusizi,West,Muganza,32849.0,15608.0,17241.0,48.4,18.3,25.4,8.0,33.4,0.412,0.137
Rusizi,West,Mururu,29774.0,14488.0,15286.0,48.3,22.9,22.7,6.0,28.7,0.415,0.119
Rusizi,West,Nkanka,19857.0,9359.0,10498.0,36.0,28.1,30.1,5.8,35.9,0.412,0.148
Rusizi,West,Nkombo,18637.0,9028.0,9609.0,16.8,27.8,36.9,18.6,55.4,0.461,0.255
Rusizi,West,Nkungu,21696.0,10221.0,11475.0,37.2,26.2,31.2,5.4,36.6,0.406,0.148
Rusizi,West,Nyakabuye,33200.0,15739.0,17461.0,38.7,24.4,29.5,7.3,36.8,0.416,0.153
Rusizi,West,Nyakarenzo,18384.0,8842.0,9542.0,42.9,24.1,27.6,5.4,33.0,0.403,0.133
Rusizi,West,Nzahaha,30399.0,14631.0,15768.0,38.5,21.7,31.4,8.4,39.8,0.412,0.164
Rusizi,West,Rwimbogo,23254.0,11135.0,12119.0,46.1,21.8,26.8,5.3,32.1,0.405,0.13
Nyamasheke,West,Bushekeri,29680.0,14067.0,15613.0,36.1,25.5,30.1,8.4,38.5,0.426,0.164
Nyamasheke,West,Bushenge,22624.0,10571.0,12053.0,52.9,23.3,21.3,2.5,23.9,0.39,0.093
Nyamasheke,West,Cyato,26996.0,12548.0,14448.0,32.1,27.0,34.1,6.8,40.9,0.413,0.169
Nyamasheke,West,Gihombo,29843.0,14099.0,15744.0,30.6,30.9,29.7,8.9,38.5,0.434,0.167
Nyamasheke,West,Kagano,39994.0,19047.0,20947.0,40.8,24.7,27.9,6.6,34.5,0.42,0.145
Nyamasheke,West,Kanjongo,40341.0,19241.0,21100.0,44.3,24.5,25.1,6.2,31.3,0.424,0.133
Nyamasheke,West,Karambi,29726.0,14082.0,15644.0,41.7,27.7,27.1,3.5,30.6,0.403,0.123
Nyamasheke,West,Karengera,32504.0,15399.0,17105.0,42.8,26.1,27.1,4.0,31.1,0.396,0.123
Nyamasheke,West,Kirimbi,25647.0,12092.0,13555.0,36.6,29.3,29.2,4.8,34.0,0.413,0.14
Nyamasheke,West,Macuba,33319.0,15818.0,17501.0,42.6,28.6,23.9,4.9,28.8,0.416,0.12
Nyamasheke,West,Mahembe,20043.0,9519.0,10524.0,38.0,28.2,28.6,5.2,33.8,0.413,0.14
Nyamasheke,West,Nyabitekeri,29293.0,13663.0,15630.0,43.5,27.1,25.3,4.1,29.3,0.403,0.118
Nyamasheke,West,Rangiro,17967.0,8354.0,9613.0,39.6,29.0,27.2,4.2,31.5,0.401,0.126
Nyamasheke,West,Ruharambuga,28180.0,13244.0,14936.0,49.2,25.4,21.9,3.5,25.4,0.405,0.103
Nyamasheke,West,Shangi,28064.0,13114.0,14950.0,47.2,23.4,24.4,5.1,29.4,0.406,0.12
Rulindo,North,Base,20528.0,9574.0,10954.0,48.5,27.1,22.3,2.2,24.4,0.396,0.097
Rulindo,North,Burega,13893.0,6571.0,7322.0,44.4,24.4,26.2,5.0,31.2,0.407,0.127
Rulindo,North,Bushoki,23570.0,11102.0,12468.0,58.9,23.7,16.0,1.3,17.3,0.389,0.067
Rulindo,North,Buyoga,24721.0,11743.0,12978.0,43.5,27.9,24.8,3.8,28.6,0.403,0.115
Rulindo,North,Cyinzuzi,15768.0,7543.0,8225.0,39.6,27.0,29.0,4.4,33.4,0.406,0.136
Rulindo,North,Cyungo,15350.0,7212.0,8138.0,38.7,27.4,29.2,4.7,34.0,0.407,0.138
Rulindo,North,Kinihira,17145.0,8082.0,9063.0,44.4,29.9,23.2,2.5,25.7,0.399,0.103
Rulindo,North,Kisaro,23113.0,11054.0,12059.0,36.1,31.2,28.1,4.5,32.7,0.409,0.134
Rulindo,North,Masoro,27311.0,13261.0,14050.0,50.4,22.0,22.5,5.2,27.6,0.418,0.115
Rulindo,North,Mbogo,19101.0,9070.0,10031.0,51.1,26.5,20.4,2.0,22.4,0.391,0.088
Rulindo,North,Murambi,27283.0,13293.0,13990.0,53.5,21.8,20.1,4.6,24.7,0.414,0.102
Rulindo,North,Ngoma,12703.0,6061.0,6642.0,42.9,29.6,24.3,3.2,27.5,0.404,0.111
Rulindo,North,Ntarabana,24748.0,11930.0,12818.0,47.8,22.6,24.3,5.3,29.6,0.413,0.122
Rulindo,North,Rukozo,17021.0,8045.0,8976.0,40.6,29.1,26.2,4.1,30.3,0.405,0.123
Rulindo,North,Rusiga,13452.0,6416.0,7036.0,48.4,27.6,22.4,1.6,24.0,0.393,0.094
Rulindo,North,Shyorongi,43744.0,21182.0,22562.0,61.7,20.0,15.3,3.1,18.4,0.412,0.076
Rulindo,North,Tumba,20693.0,9710.0,10983.0,46.1,31.0,21.0,1.9,22.9,0.396,0.091
Gakenke,North,Busengo,21392.0,10048.0,11344.0,37.8,32.7,26.7,2.7,29.4,0.398,0.117
Gakenke,North,Coko,17942.0,8673.0,9269.0,49.0,28.3,21.1,1.6,22.7,0.391,0.089
Gakenke,North,Cyabingo,18785.0,8917.0,9868.0,38.6,28.4,30.0,2.9,32.9,0.391,0.129
Gakenke,North,Gakenke,25325.0,11934.0,13391.0,43.6,29.4,24.2,2.7,26.9,0.4,0.108
Gakenke,North,Gashenyi,22647.0,10661.0,11986.0,40.1,28.3,28.9,2.7,31.6,0.394,0.125
Gakenke,North,Janja,16007.0,7423.0,8584.0,29.6,38.2,28.2,4.0,32.2,0.405,0.13
Gakenke,North,Kamubuga,23336.0,10950.0,12386.0,32.6,27.1,32.8,7.5,40.4,0.415,0.168
Gakenke,North,Karambo,13617.0,6318.0,7299.0,37.3,28.4,31.1,3.3,34.3,0.387,0.133
Gakenke,North,Kivuruga,19967.0,9333.0,10634.0,48.4,23.8,25.3,2.5,27.8,0.387,0.108
Gakenke,North,Mataba,15520.0,7397.0,8123.0,22.3,32.8,37.7,7.2,44.9,0.425,0.191
Gakenke,North,Minazi,14193.0,6729.0,7464.0,38.5,30.9,27.6,3.0,30.7,0.401,0.123
Gakenke,North,Mugunga,19963.0,9450.0,10513.0,36.8,32.4,25.5,5.4,30.9,0.413,0.127
Gakenke,North,Muhondo,21334.0,10296.0,11038.0,59.8,22.0,17.2,1.0,18.1,0.376,0.068
Gakenke,North,Muyongwe,16053.0,7461.0,8592.0,41.1,30.0,26.6,2.4,29.0,0.4,0.116
Gakenke,North,Muzo,21816.0,10099.0,11717.0,22.7,38.3,33.4,5.7,39.1,0.421,0.164
Gakenke,North,Nemba,16854.0,7851.0,9003.0,37.7,32.0,27.3,3.0,30.3,0.403,0.122
Gakenke,North,Ruli,22464.0,10962.0,11502.0,63.9,21.4,12.9,1.8,14.7,0.397,0.059
Gakenke,North,Rusasa,19242.0,9124.0,10118.0,28.9,34.9,32.1,4.1,36.2,0.405,0.147
Gakenke,North,Rushashi,18835.0,8974.0,9861.0,49.2,28.6,20.9,1.3,22.2,0.39,0.087
Musanze,North,Busogo,28264.0,13290.0,14974.0,59.9,17.8,19.0,3.3,22.3,0.4,0.089
Musanze,North,Cyuve,62179.0,29347.0,32832.0,60.7,16.5,18.2,4.6,22.9,0.419,0.096
Musanze,North,Gacaca,30719.0,14591.0,16128.0,39.7,22.3,30.7,7.3,38.0,0.418,0.159
Musanze,North,Gashaki,14272.0,6761.0,7511.0,51.7,22.9,23.2,2.2,25.4,0.383,0.097
Musanze,North,Gataraga,26721.0,12686.0,14035.0,31.8,32.7,28.5,7.0,35.5,0.43,0.153
Musanze,North,Kimonyi,21681.0,10114.0,11567.0,41.3,21.8,27.5,9.3,36.8,0.439,0.162
Musanze,North,Kinigi,32297.0,15423.0,16874.0,43.2,26.0,26.4,4.4,30.8,0.407,0.125
Musanze,North,Muhoza,69741.0,35311.0,34430.0,78.9,10.8,8.7,1.7,10.3,0.406,0.042
Musanze,North,Muko,26472.0,12496.0,13976.0,45.6,22.5,25.7,6.2,31.9,0.413,0.132
Musanze,North,Musanze,47720.0,22478.0,25242.0,43.6,24.8,25.0,6.5,31.6,0.44,0.139
Musanze,North,Nkotsi,17349.0,8108.0,9241.0,43.3,27.8,25.5,3.4,28.9,0.4,0.116
Musanze,North,Nyange,31274.0,14612.0,16662.0,40.0,25.2,28.6,6.2,34.8,0.416,0.145
Musanze,North,Remera,19987.0,9522.0,10465.0,51.1,23.5,23.3,2.1,25.4,0.384,0.098
Musanze,North,Rwaza,23120.0,10998.0,12122.0,39.8,26.7,28.8,4.8,33.5,0.402,0.135
Musanze,North,Shingiro,24726.0,11603.0,13123.0,24.7,31.1,33.6,10.6,44.2,0.437,0.193
Burera,North,Bungwe,16322.0,7712.0,8610.0,38.9,27.4,30.3,3.3,33.7,0.391,0.132
Burera,North,Butaro,38013.0,18352.0,19661.0,42.2,25.5,27.9,4.4,32.3,0.4,0.129
Burera,North,Cyanika,44510.0,21362.0,23148.0,36.1,25.1,32.6,6.1,38.7,0.413,0.16
Burera,North,Cyeru,14719.0,7020.0,7699.0,41.6,26.9,27.5,4.0,31.5,0.401,0.126
Burera,North,Gahunga,28059.0,13282.0,14777.0,34.4,28.0,31.5,6.1,37.7,0.42,0.158
Burera,North,Gatebe,18867.0,8900.0,9967.0,31.1,28.7,33.5,6.6,40.1,0.42,0.168
Burera,North,Gitovu,11531.0,5516.0,6015.0,36.2,32.9,27.1,3.8,30.9,0.402,0.124
Burera,North,Kagogo,23089.0,11084.0,12005.0,33.1,28.2,32.3,6.4,38.7,0.411,0.159
Burera,North,Kinoni,19017.0,9093.0,9924.0,43.0,26.6,26.5,3.8,30.4,0.404,0.123
Burera,North,Kinyababa,23746.0,11281.0,12465.0,37.2,28.8,28.5,5.6,34.0,0.413,0.141
Burera,North,Kivuye,18057.0,8609.0,9448.0,46.7,21.4,27.7,4.2,32.0,0.393,0.126
Burera,North,Nemba,21401.0,10002.0,11399.0,39.0,27.3,29.1,4.5,33.7,0.404,0.136
Burera,North,Rugarama,27051.0,13046.0,14005.0,38.0,29.9,28.5,3.6,32.1,0.407,0.13
Burera,North,Rugengabari,20920.0,9768.0,11152.0,32.3,32.3,31.6,3.8,35.4,0.403,0.143
Burera,North,Ruhunde,20157.0,9528.0,10629.0,35.3,31.6,28.7,4.4,33.1,0.401,0.132
Burera,North,Rusarabuye,20659.0,9991.0,10668.0,44.4,26.0,26.2,3.4,29.6,0.397,0.117
Burera,North,Rwerere,21611.0,10236.0,11375.0,41.3,26.6,27.5,4.6,32.1,0.406,0.13
Gicumbi,North,Bukure,20454.0,9943.0,10511.0,43.1,23.6,26.9,6.5,33.3,0.412,0.138
Gicumbi,North,Bwisige,17274.0,8229.0,9045.0,36.6,32.3,27.5,3.6,31.1,0.4,0.124
Gicumbi,North,Byumba,43134.0,20372.0,22762.0,57.0,21.7,18.0,3.3,21.3,0.409,0.087
Gicumbi,North,Cyumba,17218.0,8158.0,9060.0,43.1,25.0,28.0,3.9,31.9,0.397,0.127
Gicumbi,North,Giti,17431.0,8495.0,8936.0,35.0,25.0,30.5,9.5,40.0,0.426,0.17
Gicumbi,North,Kageyo,20888.0,9887.0,11001.0,39.9,28.4,27.4,4.3,31.7,0.407,0.129
Gicumbi,North,Kaniga,16772.0,8056.0,8716.0,48.3,23.0,24.7,4.0,28.7,0.397,0.114
Gicumbi,North,Manyagiro,22635.0,10933.0,11702.0,37.1,26.3,31.3,5.2,36.5,0.405,0.148
Gicumbi,North,Miyove,20223.0,9510.0,10713.0,33.1,27.6,33.0,6.4,39.4,0.413,0.163
Gicumbi,North,Mukarange,18543.0,8831.0,9712.0,40.7,29.6,26.2,3.5,29.7,0.403,0.12
Gicumbi,North,Muko,20050.0,9656.0,10394.0,42.4,26.3,25.8,5.5,31.3,0.411,0.129
Gicumbi,North,Mutete,27517.0,12960.0,14557.0,43.5,26.6,24.8,5.1,29.9,0.415,0.124
Gicumbi,North,Nyamiyaga,20939.0,10040.0,10899.0,35.0,25.5,32.4,7.1,39.5,0.412,0.163
Gicumbi,North,Nyankenke,27183.0,14830.0,12353.0,38.5,28.3,30.1,3.2,33.3,0.394,0.131
Gicumbi,North,Rubaya,12044.0,5801.0,6243.0,36.6,24.8,31.7,6.9,38.6,0.407,0.157
Gicumbi,North,Rukomo,28127.0,13486.0,14641.0,38.1,31.8,25.3,4.8,30.1,0.412,0.124
Gicumbi,North,Rushaki,15048.0,7102.0,7946.0,43.5,27.0,26.0,3.5,29.5,0.404,0.119
Gicumbi,North,Rutare,27837.0,13371.0,14466.0,42.0,27.2,25.7,5.0,30.7,0.412,0.127
Gicumbi,North,Ruvune,21990.0,10606.0,11384.0,36.2,27.4,29.6,6.8,36.4,0.418,0.152
Gicumbi,North,Rwamiko,14821.0,7163.0,7658.0,46.0,25.6,24.6,3.8,28.5,0.407,0.116
Gicumbi,North,Shangasha,18696.0,8960.0,9736.0,40.7,31.5,25.3,2.5,27.8,0.394,0.11
Rwamagana,East,Fumbwe,33074.0,15678.0,17396.0,51.2,19.5,21.2,8.1,29.3,0.438,0.128
Rwamagana,East,Gahengeri,35732.0,17391.0,18341.0,43.4,21.9,25.7,8.9,34.6,0.433,0.15
Rwamagana,East,Gishali,36692.0,18405.0,18287.0,52.8,20.3,20.7,6.3,27.0,0.423,0.114
Rwamagana,East,Karenge,28525.0,13828.0,14697.0,55.0,21.0,20.7,3.3,24.0,0.4,0.096
Rwamagana,East,Kigabiro,47358.0,23159.0,24199.0,67.0,15.4,13.6,4.0,17.6,0.418,0.074
Rwamagana,East,Muhazi,53482.0,35163.0,18319.0,60.7,18.6,16.5,4.2,20.7,0.414,0.086
Rwamagana,East,Munyaga,20812.0,9803.0,11009.0,37.6,22.1,32.0,8.2,40.3,0.41,0.165
Rwamagana,East,Munyiginya,24197.0,11497.0,12700.0,48.1,22.9,22.4,6.5,28.9,0.42,0.122
Rwamagana,East,Musha,27525.0,13209.0,14316.0,40.7,23.1,27.6,8.5,36.1,0.427,0.154
Rwamagana,East,Muyumbu,56881.0,27582.0,29299.0,63.3,18.5,14.5,3.6,18.2,0.414,0.075
Rwamagana,East,Mwulire,33936.0,16342.0,17594.0,52.8,20.5,20.5,6.3,26.7,0.426,0.114
Rwamagana,East,Nyakaliro,37538.0,18145.0,19393.0,62.1,19.1,15.7,3.2,18.8,0.404,0.076
Rwamagana,East,Nzige,19285.0,9341.0,9944.0,42.6,23.7,26.7,6.9,33.6,0.421,0.141
Rwamagana,East,Rubona,29916.0,14251.0,15665.0,38.4,24.0,28.1,9.5,37.6,0.431,0.162
Nyagatare,East,Gatunda,35310.0,16767.0,18543.0,39.7,23.6,29.1,7.5,36.6,0.415,0.152
Nyagatare,East,Karama,32949.0,15627.0,17322.0,34.2,26.6,31.1,8.1,39.1,0.425,0.166
Nyagatare,East,Karangazi,96915.0,48020.0,48895.0,34.7,23.6,27.9,13.8,41.7,0.46,0.192
Nyagatare,East,Katabagemu,43719.0,21082.0,22637.0,38.2,25.0,28.5,8.3,36.8,0.427,0.157
Nyagatare,East,Kiyombe,18801.0,8956.0,9845.0,35.0,27.6,31.9,5.5,37.4,0.412,0.154
Nyagatare,East,Matimba,28487.0,13771.0,14716.0,45.9,22.0,25.0,7.0,32.0,0.425,0.136
Nyagatare,East,Mimuri,34373.0,16490.0,17883.0,36.5,24.7,29.2,9.6,38.7,0.431,0.167
Nyagatare,East,Mukama,25659.0,12341.0,13318.0,30.9,28.1,32.2,8.9,41.0,0.427,0.175
Nyagatare,East,Musheri,37343.0,18268.0,19075.0,29.9,25.2,32.3,12.6,44.9,0.447,0.201
Nyagatare,East,Nyagatare,81915.0,40775.0,41140.0,52.8,19.2,20.8,7.2,28.0,0.431,0.121
Nyagatare,East,Rukomo,43650.0,20892.0,22758.0,47.7,22.2,24.8,5.4,30.2,0.402,0.121
Nyagatare,East,Rwempasha,38592.0,19234.0,19358.0,37.6,25.0,25.4,11.9,37.3,0.456,0.17
Nyagatare,East,Rwimiyaga,82620.0,40685.0,41935.0,33.0,25.1,28.7,13.2,42.0,0.46,0.193
Nyagatare,East,Tabagwe,53528.0,25832.0,27696.0,32.3,29.7,28.6,9.5,38.1,0.444,0.169
Gatsibo,East,Gasange,20725.0,10054.0,10671.0,30.3,25.3,30.9,13.5,44.4,0.451,0.2
Gatsibo,East,Gatsibo,40940.0,19618.0,21322.0,44.4,24.9,23.9,6.8,30.7,0.427,0.131
Gatsibo,East,Gitoki,43414.0,20690.0,22724.0,38.7,24.3,28.3,8.6,37.0,0.425,0.157
Gatsibo,East,Kabarore,71769.0,34598.0,37171.0,42.9,22.9,24.6,9.7,34.3,0.438,0.15
Gatsibo,East,Kageyo,24702.0,11849.0,12853.0,31.2,26.4,32.0,10.5,42.5,0.435,0.184
Gatsibo,East,Kiramuruzi,40028.0,19099.0,20929.0,37.2,27.2,26.7,8.9,35.7,0.442,0.158
Gatsibo,East,Kiziguro,39757.0,18924.0,20833.0,45.6,23.1,24.0,7.3,31.3,0.43,0.135
Gatsibo,East,Muhura,33325.0,16046.0,17279.0,36.9,22.9,29.6,10.6,40.1,0.436,0.175
Gatsibo,East,Murambi,38498.0,18436.0,20062.0,34.5,28.0,29.5,8.0,37.5,0.424,0.159
Gatsibo,East,Ngarama,38006.0,18353.0,19653.0,35.0,24.9,29.9,10.2,40.1,0.44,0.176
Gatsibo,East,Nyagihanga,28812.0,13858.0,14954.0,32.8,24.6,33.8,8.7,42.6,0.421,0.179
Gatsibo,East,Remera,31771.0,15122.0,16649.0,35.4,23.3,30.7,10.7,41.4,0.432,0.179
Gatsibo,East,Rugarama,49442.0,23625.0,25817.0,37.7,26.1,27.9,8.3,36.2,0.431,0.156
Gatsibo,East,Rwimbogo,49975.0,24189.0,25786.0,30.8,29.7,30.1,9.4,39.6,0.442,0.175
Kayonza,East,Gahini,46009.0,22449.0,23560.0,38.6,23.3,27.2,10.9,38.1,0.438,0.167
Kayonza,East,Kabare,40228.0,19336.0,20892.0,33.1,25.4,31.6,9.8,41.5,0.428,0.177
Kayonza,East,Kabarondo,37839.0,18251.0,19588.0,49.9,21.1,22.1,6.9,29.0,0.427,0.124
Kayonza,East,Mukarange,54818.0,26744.0,28074.0,61.9,16.5,16.1,5.5,21.6,0.424,0.091
Kayonza,East,Murama,23381.0,11169.0,12212.0,43.9,24.4,26.3,5.4,31.7,0.406,0.129
Kayonza,East,Murundi,57809.0,28357.0,29452.0,29.2,25.7,32.5,12.6,45.1,0.445,0.201
Kayonza,East,Mwiri,37931.0,18640.0,19291.0,38.9,23.2,28.0,9.8,37.8,0.43,0.162
Kayonza,East,Ndego,24389.0,11908.0,12481.0,27.7,29.9,32.6,9.9,42.5,0.441,0.187
Kayonza,East,Nyamirama,38562.0,18342.0,20220.0,44.2,22.1,25.6,8.1,33.7,0.424,0.143
Kayonza,East,Rukara,38231.0,18408.0,19823.0,45.8,25.3,22.2,6.7,28.9,0.427,0.123
Kayonza,East,Ruramira,21185.0,10022.0,11163.0,32.0,24.5,33.1,10.4,43.5,0.428,0.186
Kayonza,East,Rwinkwavu,36774.0,17822.0,18952.0,38.4,25.2,27.7,8.7,36.4,0.426,0.155
Kirehe,East,Gahara,44462.0,21105.0,23357.0,35.0,20.1,34.9,10.0,44.9,0.415,0.186
Kirehe,East,Gatore,31687.0,15055.0,16632.0,42.6,23.1,26.2,8.2,34.4,0.426,0.146
Kirehe,East,Kigarama,37136.0,17878.0,19258.0,34.7,24.3,32.6,8.4,41.0,0.415,0.17
Kirehe,East,Kigina,34642.0,16666.0,17976.0,45.7,23.3,24.4,6.6,31.0,0.425,0.132
Kirehe,East,Kirehe,29547.0,13997.0,15550.0,48.6,24.2,21.8,5.3,27.1,0.42,0.114
Kirehe,East,Mahama,81014.0,39579.0,41435.0,64.1,12.1,20.6,3.2,23.7,0.374,0.089
Kirehe,East,Mpanga,40173.0,19480.0,20693.0,33.9,25.4,32.0,8.6,40.7,0.421,0.171
Kirehe,East,Musaza,30095.0,14355.0,15740.0,38.4,23.3,29.8,8.5,38.3,0.417,0.159
Kirehe,East,Mushikiri,32841.0,15833.0,17008.0,40.4,25.4,27.7,6.5,34.2,0.416,0.142
Kirehe,East,Nasho,33665.0,16077.0,17588.0,39.6,26.3,27.0,7.2,34.2,0.417,0.143
Kirehe,East,Nyamugari,42938.0,20867.0,22071.0,35.7,24.5,30.4,9.4,39.8,0.434,0.173
Kirehe,East,Nyarubuye,22660.0,10871.0,11789.0,37.5,24.5,30.0,8.0,38.0,0.426,0.162
Ngoma,East,Gashanda,19345.0,9214.0,10131.0,39.8,23.1,29.1,8.0,37.1,0.415,0.154
Ngoma,East,Jarama,31122.0,14942.0,16180.0,24.9,22.7,34.9,17.5,52.4,0.463,0.242
Ngoma,East,Karembo,17726.0,8445.0,9281.0,40.5,23.1,26.8,9.5,36.4,0.428,0.156
Ngoma,East,Kazo,32450.0,15597.0,16853.0,40.8,23.4,27.1,8.7,35.8,0.431,0.155
Ngoma,East,Kibungo,31445.0,14976.0,16469.0,63.9,16.2,16.1,3.8,19.9,0.401,0.08
Ngoma,East,Mugesera,28637.0,13624.0,15013.0,36.9,24.6,30.4,8.2,38.5,0.429,0.165
Ngoma,East,Murama,26702.0,12686.0,14016.0,46.1,22.7,25.6,5.6,31.2,0.41,0.128
Ngoma,East,Mutenderi,24915.0,11870.0,13045.0,42.3,23.9,26.7,7.0,33.7,0.415,0.14
Ngoma,East,Remera,32344.0,15422.0,16922.0,48.1,20.0,24.4,7.5,31.9,0.424,0.135
Ngoma,East,Rukira,29893.0,14301.0,15592.0,49.7,22.0,23.7,4.6,28.3,0.401,0.114
Ngoma,East,Rukumberi,39420.0,18739.0,20681.0,27.1,21.4,31.5,20.0,51.5,0.477,0.246
Ngoma,East,Rurenge,33391.0,15842.0,17549.0,37.4,25.9,29.4,7.3,36.7,0.418,0.153
Ngoma,East,Sake,28822.0,13762.0,15060.0,33.9,22.1,30.1,13.9,43.9,0.448,0.197
Ngoma,East,Zaza,27836.0,13300.0,14536.0,38.9,23.8,26.9,10.3,37.2,0.437,0.162
Bugesera,East,Gashora,32251.0,16027.0,16224.0,51.5,21.5,20.2,6.8,27.0,0.431,0.117
Bugesera,East,Juru,33753.0,16443.0,17310.0,31.2,27.6,30.3,10.9,41.2,0.447,0.184
Bugesera,East,Kamabuye,24502.0,11960.0,12542.0,31.4,26.9,30.5,11.2,41.7,0.452,0.188
Bugesera,East,Mareba,29266.0,14127.0,15139.0,29.9,21.7,32.9,15.4,48.4,0.446,0.216
Bugesera,East,Mayange,54084.0,27433.0,26651.0,63.1,18.3,15.0,3.6,18.6,0.407,0.076
Bugesera,East,Musenyi,40610.0,19542.0,21068.0,32.7,23.8,31.5,12.0,43.5,0.441,0.192
Bugesera,East,Mwogo,30171.0,14802.0,15369.0,30.6,27.0,30.4,12.0,42.4,0.455,0.193
Bugesera,East,Ngeruka,37328.0,17900.0,19428.0,28.5,23.0,33.4,15.1,48.5,0.452,0.219
Bugesera,East,Ntarama,45530.0,22652.0,22878.0,54.2,17.9,18.2,9.7,27.9,0.46,0.128
Bugesera,East,Nyamata,81480.0,40096.0,41384.0,67.9,15.7,12.5,3.9,16.4,0.426,0.07
Bugesera,East,Nyarugenge,25406.0,12181.0,13225.0,32.0,24.0,31.0,13.0,44.0,0.445,0.196
Bugesera,East,Rilima,32862.0,17652.0,15210.0,58.0,21.1,16.8,4.1,20.9,0.414,0.087
Bugesera,East,Ruhuha,30028.0,14606.0,15422.0,44.2,21.4,24.8,9.5,34.3,0.433,0.149
Bugesera,East,Rweru,37976.0,18408.0,19568.0,32.0,23.3,29.1,15.6,44.7,0.464,0.207
Bugesera,East,Shyara,15856.0,7639.0,8217.0,25.6,23.9,34.1,16.4,50.5,0.456,0.231
