district,province,sector,poverty_rate_sae_pct,rank_within_district_poorest_1,sectors_in_district,district_direct_estimate_pct,calc_benchmarked_pct,population_2022,note
Bugesera,East,Ngeruka,44.8,1,15,23.7,36.4,37328,
Bugesera,East,Nyarugenge,43.8,2,15,23.7,35.5,25406,
Bugesera,East,Musenyi,39.7,3,15,23.7,32.2,40610,
Bugesera,East,Shyara,39.7,4,15,23.7,32.2,15856,
Bugesera,East,Ruhuha,39.6,5,15,23.7,32.1,30028,
Bugesera,East,Rweru,36.8,6,15,23.7,29.9,37976,
Bugesera,East,Mareba,35.3,7,15,23.7,28.6,29266,
Bugesera,East,Gashora,33.7,8,15,23.7,27.3,32251,
Bugesera,East,Kamabuye,29.6,9,15,23.7,24.0,24502,
Bugesera,East,Juru,27.6,10,15,23.7,22.4,33753,
Bugesera,East,Mwogo,25.8,11,15,23.7,20.9,30171,
Bugesera,East,Rilima,23.7,12,15,23.7,19.2,32862,
Bugesera,East,Ntarama,23.2,13,15,23.7,18.8,45530,
Bugesera,East,Mayange,17.4,14,15,23.7,14.1,54084,
Bugesera,East,Nyamata,14.1,15,15,23.7,11.4,81480,
Gatsibo,East,Gatsibo,34.6,1,14,18.4,23.0,40940,
Gatsibo,East,Muhura,33.4,2,14,18.4,22.2,33325,
Gatsibo,East,Ngarama,32.0,3,14,18.4,21.3,38006,
Gatsibo,East,Remera,31.3,4,14,18.4,20.8,31771,
Gatsibo,East,Murambi,29.8,5,14,18.4,19.8,38498,
Gatsibo,East,Rugarama,29.5,6,14,18.4,19.6,49442,
Gatsibo,East,Gasange,28.1,7,14,18.4,18.7,20725,
Gatsibo,East,Gitoki,27.9,8,14,18.4,18.6,43414,
Gatsibo,East,Kabarore,25.7,9,14,18.4,17.1,71769,
Gatsibo,East,Nyagihanga,25.0,10,14,18.4,16.6,28812,
Gatsibo,East,Rwimbogo,23.4,11,14,18.4,15.6,49975,
Gatsibo,East,Kageyo,23.0,12,14,18.4,15.3,24702,
Gatsibo,East,Kiramuruzi,22.7,13,14,18.4,15.1,40028,
Gatsibo,East,Kiziguro,22.4,14,14,18.4,14.9,39757,
Kayonza,East,Mwiri,46.9,1,12,36.6,50.8,37931,
Kayonza,East,Ndego,43.5,2,12,36.6,47.1,24389,
Kayonza,East,Gahini,42.4,3,12,36.6,45.9,46009,
Kayonza,East,Murundi,39.5,4,12,36.6,42.8,57809,
Kayonza,East,Ruramira,38.6,5,12,36.6,41.8,21185,
Kayonza,East,Nyamirama,36.1,6,12,36.6,39.1,38562,
Kayonza,East,Murama,35.1,7,12,36.6,38.0,23381,
Kayonza,East,Kabare,33.4,8,12,36.6,36.2,40228,
Kayonza,East,Rwinkwavu,24.3,9,12,36.6,26.3,36774,
Kayonza,East,Kabarondo,24.3,10,12,36.6,26.3,37839,
Kayonza,East,Mukarange,24.0,11,12,36.6,26.0,54818,
Kayonza,East,Rukara,22.5,12,12,36.6,24.4,38231,
Kirehe,East,Nyarubuye,32.0,1,12,14.2,17.6,22660,
Kirehe,East,Musaza,30.7,2,12,14.2,16.9,30095,
Kirehe,East,Mpanga,29.4,3,12,14.2,16.2,40173,
Kirehe,East,Mahama,27.2,4,12,14.2,15.0,81014,
Kirehe,East,Kigina,26.1,5,12,14.2,14.4,34642,
Kirehe,East,Gatore,25.8,6,12,14.2,14.2,31687,
Kirehe,East,Nyamugari,25.6,7,12,14.2,14.1,42938,
Kirehe,East,Nasho,24.1,8,12,14.2,13.3,33665,
Kirehe,East,Gahara,23.4,9,12,14.2,12.9,44462,
Kirehe,East,Kigarama,23.4,10,12,14.2,12.9,37136,
Kirehe,East,Mushikiri,21.6,11,12,14.2,11.9,32841,
Kirehe,East,Kirehe,21.2,12,12,14.2,11.7,29547,
Ngoma,East,Jarama,46.4,1,14,30.9,45.0,31122,
Ngoma,East,Gashanda,35.7,2,14,30.9,34.6,19345,
Ngoma,East,Zaza,34.4,3,14,30.9,33.3,27836,
Ngoma,East,Rukumberi,34.3,4,14,30.9,33.2,39420,
Ngoma,East,Karembo,34.1,5,14,30.9,33.1,17726,
Ngoma,East,Sake,33.8,6,14,30.9,32.8,28822,
Ngoma,East,Rurenge,32.0,7,14,30.9,31.0,33391,
Ngoma,East,Mugesera,31.0,8,14,30.9,30.0,28637,
Ngoma,East,Rukira,31.0,9,14,30.9,30.0,29893,
Ngoma,East,Murama,30.2,10,14,30.9,29.3,26702,
Ngoma,East,Kazo,30.1,11,14,30.9,29.2,32450,
Ngoma,East,Remera,28.3,12,14,30.9,27.4,32344,
Ngoma,East,Mutenderi,25.4,13,14,30.9,24.6,24915,
Ngoma,East,Kibungo,21.0,14,14,30.9,20.4,31445,
Nyagatare,East,Tabagwe,42.8,1,14,36.4,45.7,53528,
Nyagatare,East,Musheri,42.6,2,14,36.4,45.5,37343,
Nyagatare,East,Mukama,42.5,3,14,36.4,45.4,25659,
Nyagatare,East,Gatunda,41.5,4,14,36.4,44.3,35310,
Nyagatare,East,Rukomo,41.1,5,14,36.4,43.9,43650,
Nyagatare,East,Karama,40.3,6,14,36.4,43.1,32949,
Nyagatare,East,Mimuri,35.3,7,14,36.4,37.7,34373,
Nyagatare,East,Kiyombe,32.8,8,14,36.4,35.0,18801,
Nyagatare,East,Katabagemu,32.4,9,14,36.4,34.6,43719,
Nyagatare,East,Rwempasha,31.7,10,14,36.4,33.9,38592,
Nyagatare,East,Nyagatare,30.5,11,14,36.4,32.6,81915,
Nyagatare,East,Rwimiyaga,29.4,12,14,36.4,31.4,82620,
Nyagatare,East,Karangazi,27.4,13,14,36.4,29.3,96915,
Nyagatare,East,Matimba,22.7,14,14,36.4,24.2,28487,
Rwamagana,East,Munyaga,39.4,1,14,23.9,42.8,20812,
Rwamagana,East,Rubona,32.1,2,14,23.9,34.8,29916,
Rwamagana,East,Musha,31.7,3,14,23.9,34.4,27525,
Rwamagana,East,Gishali,27.6,4,14,23.9,30.0,36692,
Rwamagana,East,Gahengeri,26.9,5,14,23.9,29.2,35732,
Rwamagana,East,Nzige,25.5,6,14,23.9,27.7,19285,
Rwamagana,East,Mwulire,25.1,7,14,23.9,27.2,33936,
Rwamagana,East,Munyiginya,23.8,8,14,23.9,25.8,24197,
Rwamagana,East,Karenge,21.6,9,14,23.9,23.5,28525,
Rwamagana,East,Fumbwe,20.8,10,14,23.9,22.6,33074,
Rwamagana,East,Muhazi,17.7,11,14,23.9,19.2,53482,
Rwamagana,East,Nyakaliro,14.8,12,14,23.9,16.1,37538,
Rwamagana,East,Muyumbu,12.8,13,14,23.9,13.9,56881,
Rwamagana,East,Kigabiro,12.2,14,14,23.9,13.2,47358,
Gasabo,Kigali City,Gikomero,28.7,1,15,11.1,32.7,19630,
Gasabo,Kigali City,Rutunga,28.6,2,15,11.1,32.6,22468,
Gasabo,Kigali City,Jali,20.1,3,15,11.1,22.9,41156,
Gasabo,Kigali City,Nduba,15.8,4,15,11.1,18.0,68424,
Gasabo,Kigali City,Bumbogo,14.1,5,15,11.1,16.1,112899,
Gasabo,Kigali City,Rusororo,13.8,6,15,11.1,15.7,61787,
Gasabo,Kigali City,Ndera,12.8,7,15,11.1,14.6,95164,
Gasabo,Kigali City,Jabana,10.0,8,15,11.1,11.4,63862,
Gasabo,Kigali City,Gatsata,3.5,9,15,11.1,4.0,46262,
Gasabo,Kigali City,Kimihurura,3.5,10,15,11.1,4.0,16425,
Gasabo,Kigali City,Kinyinya,3.3,11,15,11.1,3.8,125400,
Gasabo,Kigali City,Kacyiru,3.2,12,15,11.1,3.7,30036,
Gasabo,Kigali City,Remera,3.0,13,15,11.1,3.4,38648,
Gasabo,Kigali City,Gisozi,2.2,14,15,11.1,2.5,75611,
Gasabo,Kigali City,Kimironko,1.6,15,15,11.1,1.8,61733,
Kicukiro,Kigali City,Gahanga,11.6,1,10,6.9,13.9,79082,
Kicukiro,Kigali City,Masaka,9.5,2,10,6.9,11.4,78788,
Kicukiro,Kigali City,Gatenga,5.4,3,10,6.9,6.5,67084,
Kicukiro,Kigali City,Kanombe,4.2,4,10,6.9,5.0,72346,
Kicukiro,Kigali City,Kigarama,3.9,5,10,6.9,4.7,63153,
Kicukiro,Kigali City,Gikondo,3.4,6,10,6.9,4.1,19803,
Kicukiro,Kigali City,Kagarama,3.1,7,10,6.9,3.7,21277,
Kicukiro,Kigali City,Kicukiro,2.0,8,10,6.9,2.4,14039,
Kicukiro,Kigali City,Nyarugunga,1.3,9,10,6.9,1.6,49247,
Kicukiro,Kigali City,Niboye,1.2,10,10,6.9,1.4,26912,
Nyarugenge,Kigali City,Mageregere,18.1,1,10,6.8,17.4,59747,
Nyarugenge,Kigali City,Kanyinya,11.1,2,10,6.8,10.7,31026,
Nyarugenge,Kigali City,Kigali,6.9,3,10,6.8,6.6,61499,
Nyarugenge,Kigali City,Gitega,5.8,4,10,6.8,5.6,26668,label partly covered; first digit read from colour class 5.1-10.0
Nyarugenge,Kigali City,Nyamirambo,5.6,5,10,6.8,5.4,55315,
Nyarugenge,Kigali City,Muhima,3.1,6,10,6.8,3.0,22531,
Nyarugenge,Kigali City,Nyakabanda,2.7,7,10,6.8,2.6,29580,
Nyarugenge,Kigali City,Kimisagara,2.4,8,10,6.8,2.3,56534,
Nyarugenge,Kigali City,Nyarugenge,1.6,9,10,6.8,1.5,16665,
Nyarugenge,Kigali City,Rwezamenyo,1.1,10,10,6.8,1.1,14754,
Burera,North,Rusarabuye,46.4,1,17,21.8,28.2,20659,
Burera,North,Gitovu,45.7,2,17,21.8,27.8,11531,
Burera,North,Kagogo,43.8,3,17,21.8,26.6,23089,
Burera,North,Kinyababa,41.3,4,17,21.8,25.1,23746,
Burera,North,Rugarama,40.9,5,17,21.8,24.9,27051,
Burera,North,Cyanika,38.2,6,17,21.8,23.2,44510,
Burera,North,Rugengabari,37.9,7,17,21.8,23.1,20920,
Burera,North,Kinoni,34.0,8,17,21.8,20.7,19017,
Burera,North,Gahunga,33.8,9,17,21.8,20.6,28059,
Burera,North,Rwerere,33.4,10,17,21.8,20.3,21611,
Burera,North,Kivuye,32.2,11,17,21.8,19.6,18057,
Burera,North,Butaro,32.0,12,17,21.8,19.5,38013,
Burera,North,Cyeru,31.5,13,17,21.8,19.2,14719,
Burera,North,Ruhunde,31.3,14,17,21.8,19.0,20157,
Burera,North,Nemba,29.6,15,17,21.8,18.0,21401,
Burera,North,Bungwe,28.5,16,17,21.8,17.3,16322,
Burera,North,Gatebe,26.8,17,17,21.8,16.3,18867,
Gakenke,North,Kamubuga,40.8,1,19,24.5,35.2,23336,
Gakenke,North,Muzo,39.4,2,19,24.5,33.9,21816,
Gakenke,North,Busengo,36.3,3,19,24.5,31.3,21392,
Gakenke,North,Mugunga,34.6,4,19,24.5,29.8,19963,
Gakenke,North,Cyabingo,33.7,5,19,24.5,29.0,18785,
Gakenke,North,Janja,33.5,6,19,24.5,28.9,16007,
Gakenke,North,Rusasa,32.8,7,19,24.5,28.3,19242,
Gakenke,North,Mataba,28.0,8,19,24.5,24.1,15520,
Gakenke,North,Kivuruga,27.4,9,19,24.5,23.6,19967,
Gakenke,North,Muyongwe,26.7,10,19,24.5,23.0,16053,
Gakenke,North,Nemba,25.3,11,19,24.5,21.8,16854,
Gakenke,North,Gashenyi,24.8,12,19,24.5,21.4,22647,
Gakenke,North,Karambo,24.1,13,19,24.5,20.8,13617,
Gakenke,North,Gakenke,23.4,14,19,24.5,20.2,25325,
Gakenke,North,Coko,23.2,15,19,24.5,20.0,17942,
Gakenke,North,Rushashi,22.9,16,19,24.5,19.7,18835,
Gakenke,North,Minazi,21.8,17,19,24.5,18.8,14193,
Gakenke,North,Muhondo,19.7,18,19,24.5,17.0,21334,
Gakenke,North,Ruli,17.8,19,19,24.5,15.3,22464,
Gicumbi,North,Manyagiro,35.6,1,21,13.3,18.0,22635,
Gicumbi,North,Nyankenke,31.4,2,21,13.3,15.9,27183,
Gicumbi,North,Rubaya,29.2,3,21,13.3,14.8,12044,
Gicumbi,North,Miyove,28.7,4,21,13.3,14.5,20223,
Gicumbi,North,Mukarange,28.6,5,21,13.3,14.5,18543,
Gicumbi,North,Shangasha,28.5,6,21,13.3,14.4,18696,
Gicumbi,North,Ruvune,28.5,7,21,13.3,14.4,21990,
Gicumbi,North,Rutare,28.2,8,21,13.3,14.3,27837,
Gicumbi,North,Bukure,28.1,9,21,13.3,14.2,20454,
Gicumbi,North,Kageyo,27.4,10,21,13.3,13.9,20888,
Gicumbi,North,Kaniga,27.1,11,21,13.3,13.7,16772,
Gicumbi,North,Rukomo,26.5,12,21,13.3,13.4,28127,
Gicumbi,North,Muko,25.5,13,21,13.3,12.9,20050,
Gicumbi,North,Rushaki,25.3,14,21,13.3,12.8,15048,
Gicumbi,North,Rwamiko,23.9,15,21,13.3,12.1,14821,
Gicumbi,North,Bwisige,23.4,16,21,13.3,11.9,17274,
Gicumbi,North,Nyamiyaga,22.7,17,21,13.3,11.5,20939,
Gicumbi,North,Giti,22.4,18,21,13.3,11.3,17431,
Gicumbi,North,Cyumba,21.9,19,21,13.3,11.1,17218,
Gicumbi,North,Mutete,21.5,20,21,13.3,10.9,27517,
Gicumbi,North,Byumba,20.7,21,21,13.3,10.5,43134,
Musanze,North,Shingiro,38.0,1,15,21.0,30.4,24726,
Musanze,North,Gacaca,36.5,2,15,21.0,29.2,30719,
Musanze,North,Nkotsi,34.5,3,15,21.0,27.6,17349,
Musanze,North,Nyange,33.5,4,15,21.0,26.8,31274,
Musanze,North,Kimonyi,32.8,5,15,21.0,26.2,21681,
Musanze,North,Gataraga,31.0,6,15,21.0,24.8,26721,
Musanze,North,Remera,30.8,7,15,21.0,24.6,19987,
Musanze,North,Muko,30.6,8,15,21.0,24.5,26472,
Musanze,North,Rwaza,28.1,9,15,21.0,22.5,23120,
Musanze,North,Busogo,27.7,10,15,21.0,22.2,28264,
Musanze,North,Gashaki,25.9,11,15,21.0,20.7,14272,
Musanze,North,Musanze,24.3,12,15,21.0,19.4,47720,
Musanze,North,Cyuve,22.9,13,15,21.0,18.3,62179,
Musanze,North,Muhoza,15.3,14,15,21.0,12.2,69741,
Musanze,North,Kinigi,11.5,15,15,21.0,9.2,32297,
Rulindo,North,Base,38.3,1,17,21.6,31.2,20528,
Rulindo,North,Rukozo,36.1,2,17,21.6,29.4,17021,
Rulindo,North,Ngoma,34.2,3,17,21.6,27.9,12703,
Rulindo,North,Burega,33.0,4,17,21.6,26.9,13893,
Rulindo,North,Cyungo,32.6,5,17,21.6,26.6,15350,
Rulindo,North,Cyinzuzi,32.6,6,17,21.6,26.6,15768,
Rulindo,North,Tumba,31.8,7,17,21.6,25.9,20693,
Rulindo,North,Kinihira,29.4,8,17,21.6,24.0,17145,
Rulindo,North,Buyoga,29.4,9,17,21.6,24.0,24721,
Rulindo,North,Kisaro,28.7,10,17,21.6,23.4,23113,
Rulindo,North,Masoro,25.5,11,17,21.6,20.8,27311,
Rulindo,North,Mbogo,25.4,12,17,21.6,20.7,19101,
Rulindo,North,Ntarabana,24.0,13,17,21.6,19.6,24748,
Rulindo,North,Bushoki,22.1,14,17,21.6,18.0,23570,
Rulindo,North,Murambi,19.1,15,17,21.6,15.6,27283,
Rulindo,North,Shyorongi,16.0,16,17,21.6,13.0,43744,
Rulindo,North,Rusiga,13.7,17,17,21.6,11.2,13452,
Gisagara,South,Gikonko,49.2,1,13,45.6,51.7,28772,
Gisagara,South,Kigembe,47.5,2,13,45.6,49.9,22488,
Gisagara,South,Mamba,46.9,3,13,45.6,49.3,45283,
Gisagara,South,Gishubi,46.8,4,13,45.6,49.2,31860,
Gisagara,South,Ndora,45.0,5,13,45.6,47.3,30171,
Gisagara,South,Musha,44.0,6,13,45.6,46.3,28762,
Gisagara,South,Nyanza,43.9,7,13,45.6,46.2,19627,
Gisagara,South,Muganza,43.2,8,13,45.6,45.4,36530,
Gisagara,South,Mukindo,42.4,9,13,45.6,44.6,32393,
Gisagara,South,Mugombwa,40.5,10,13,45.6,42.6,36469,
Gisagara,South,Kansi,38.9,11,13,45.6,40.9,22310,
Gisagara,South,Kibirizi,38.8,12,13,45.6,40.8,31445,
Gisagara,South,Save,36.1,13,13,45.6,38.0,30941,
Huye,South,Gishamvu,41.5,1,14,24.2,33.9,14676,
Huye,South,Kinazi,40.9,2,14,24.2,33.4,33114,
Huye,South,Karama,40.7,3,14,24.2,33.2,18323,
Huye,South,Rwaniro,38.5,4,14,24.2,31.4,23239,
Huye,South,Rusatira,33.8,5,14,24.2,27.6,29842,
Huye,South,Kigoma,33.0,6,14,24.2,26.9,25455,
Huye,South,Maraba,30.1,7,14,24.2,24.6,26807,
Huye,South,Mukura,30.0,8,14,24.2,24.5,26340,
Huye,South,Huye,29.7,9,14,24.2,24.2,28232,
Huye,South,Mbazi,27.2,10,14,24.2,22.2,35807,
Huye,South,Ruhashya,25.9,11,14,24.2,21.1,24050,
Huye,South,Simbi,24.1,12,14,24.2,19.7,23284,
Huye,South,Tumba,22.5,13,14,24.2,18.4,37153,
Huye,South,Ngoma,12.4,14,14,24.2,10.1,35578,
Kamonyi,South,Nyamiyaga,44.4,1,12,39.6,55.4,45645,
Kamonyi,South,Mugina,40.8,2,12,39.6,50.9,45894,
Kamonyi,South,Ngamba,38.4,3,12,39.6,47.9,16416,
Kamonyi,South,Rukoma,38.4,4,12,39.6,47.9,39688,
Kamonyi,South,Nyarubaka,36.2,5,12,39.6,45.1,28225,
Kamonyi,South,Musambira,33.8,6,12,39.6,42.1,42198,
Kamonyi,South,Gacurabwenge,31.9,7,12,39.6,39.8,36859,
Kamonyi,South,Kayumbu,27.7,8,12,39.6,34.5,17106,
Kamonyi,South,Rugarika,27.6,9,12,39.6,34.4,59952,
Kamonyi,South,Karama,24.8,10,12,39.6,30.9,20879,
Kamonyi,South,Kayenzi,23.9,11,12,39.6,29.8,25209,
Kamonyi,South,Runda,19.4,12,12,39.6,24.2,72778,
Muhanga,South,Nyabinoni,32.5,1,12,15.0,22.9,16253,
Muhanga,South,Rugendabari,31.9,2,12,15.0,22.4,17363,
Muhanga,South,Kibangu,30.6,3,12,15.0,21.5,20326,
Muhanga,South,Mushishiro,26.8,4,12,15.0,18.9,21071,
Muhanga,South,Kabacuzi,23.1,5,12,15.0,16.3,28192,
Muhanga,South,Nyarusange,22.8,6,12,15.0,16.0,28308,
Muhanga,South,Kiyumba,21.8,7,12,15.0,15.3,23364,
Muhanga,South,Cyeza,21.6,8,12,15.0,15.2,34540,
Muhanga,South,Rongi,20.7,9,12,15.0,14.6,29389,
Muhanga,South,Shyogwe,18.7,10,12,15.0,13.2,50966,
Muhanga,South,Muhanga,18.4,11,12,15.0,12.9,28700,
Muhanga,South,Nyamabuye,11.8,12,12,15.0,8.3,59961,
Nyamagabe,South,Uwinkingi,57.6,1,17,51.4,63.6,25874,
Nyamagabe,South,Gatare,54.8,2,17,51.4,60.5,19151,
Nyamagabe,South,Kitabi,54.5,3,17,51.4,60.1,28172,
Nyamagabe,South,Nkomane,53.6,4,17,51.4,59.1,18012,
Nyamagabe,South,Musebeya,53.2,5,17,51.4,58.7,20416,
Nyamagabe,South,Kaduha,50.6,6,17,51.4,55.8,22898,
Nyamagabe,South,Kamegeri,49.1,7,17,51.4,54.2,14400,
Nyamagabe,South,Kibumbwe,47.9,8,17,51.4,52.9,13767,
Nyamagabe,South,Buruhukiro,47.7,9,17,51.4,52.6,27146,
Nyamagabe,South,Mushubi,46.4,10,17,51.4,51.2,13972,
Nyamagabe,South,Mugano,46.3,11,17,51.4,51.1,19738,
Nyamagabe,South,Kibirizi,46.2,12,17,51.4,51.0,23287,
Nyamagabe,South,Tare,44.1,13,17,51.4,48.7,24561,
Nyamagabe,South,Gasaka,38.3,14,17,51.4,42.3,41558,
Nyamagabe,South,Mbazi,35.6,15,17,51.4,39.3,12511,
Nyamagabe,South,Cyanika,35.0,16,17,51.4,38.6,25693,
Nyamagabe,South,Musange,34.3,17,17,51.4,37.9,20345,
Nyanza,South,Nyagisozi,50.2,1,10,43.3,51.6,28092,
Nyanza,South,Kigoma,50.0,2,10,43.3,51.3,41004,
Nyanza,South,Ntyazo,46.9,3,10,43.3,48.2,33826,
Nyanza,South,Rwabicuma,45.2,4,10,43.3,46.4,20604,
Nyanza,South,Cyabakamyi,44.2,5,10,43.3,45.4,23199,
Nyanza,South,Busoro,43.7,6,10,43.3,44.9,39644,
Nyanza,South,Muyira,41.7,7,10,43.3,42.8,42041,
Nyanza,South,Kibilizi,38.1,8,10,43.3,39.1,40939,
Nyanza,South,Mukingo,37.5,9,10,43.3,38.5,45708,
Nyanza,South,Busasamana,32.5,10,10,43.3,33.4,50661,
Nyaruguru,South,Nyabimata,54.6,1,14,39.7,49.1,18843,
Nyaruguru,South,Cyahinda,53.0,2,14,39.7,47.7,24929,
Nyaruguru,South,Nyagisozi,49.0,3,14,39.7,44.1,19674,
Nyaruguru,South,Rusenge,47.7,4,14,39.7,42.9,26911,
Nyaruguru,South,Kivu,47.3,5,14,39.7,42.5,19812,
Nyaruguru,South,Muganza,47.1,6,14,39.7,42.4,21383,
Nyaruguru,South,Ngera,45.9,7,14,39.7,41.3,24242,
Nyaruguru,South,Kibeho,43.9,8,14,39.7,39.5,25885,
Nyaruguru,South,Ngoma,40.7,9,14,39.7,36.6,24358,
Nyaruguru,South,Ruramba,39.8,10,14,39.7,35.8,18705,
Nyaruguru,South,Ruheru,38.2,11,14,39.7,34.4,27712,
Nyaruguru,South,Mata,37.7,12,14,39.7,33.9,16117,
Nyaruguru,South,Busanze,37.4,13,14,39.7,33.6,29795,
Nyaruguru,South,Munini,37.2,14,14,39.7,33.5,19760,
Ruhango,South,Kabagali,39.6,1,9,15.0,21.0,25602,
Ruhango,South,Kinihira,38.4,2,9,15.0,20.3,25932,
Ruhango,South,Ntongwe,29.7,3,9,15.0,15.7,38100,
Ruhango,South,Mbuye,29.6,4,9,15.0,15.7,45747,
Ruhango,South,Kinazi,29.2,5,9,15.0,15.5,51016,
Ruhango,South,Mwendo,28.8,6,9,15.0,15.3,25908,
Ruhango,South,Ruhango,25.5,7,9,15.0,13.5,75618,
Ruhango,South,Bweramana,24.4,8,9,15.0,12.9,31152,
Ruhango,South,Byimana,18.7,9,9,15.0,9.9,40046,
Karongi,West,Rwankuba,52.7,1,13,38.2,48.4,38286,
Karongi,West,Mutuntu,51.1,2,13,38.2,47.0,25652,
Karongi,West,Gitesi,49.0,3,13,38.2,45.0,29312,
Karongi,West,Twumba,46.7,4,13,38.2,42.9,28208,
Karongi,West,Ruganda,45.0,5,13,38.2,41.4,19132,
Karongi,West,Murundi,44.4,6,13,38.2,40.8,27236,
Karongi,West,Murambi,43.9,7,13,38.2,40.4,22374,
Karongi,West,Gashari,42.3,8,13,38.2,38.9,21263,
Karongi,West,Mubuga,40.3,9,13,38.2,37.0,23455,
Karongi,West,Rugabano,37.6,10,13,38.2,34.6,34207,
Karongi,West,Bwishyura,32.0,11,13,38.2,29.4,40720,
Karongi,West,Gishyita,32.0,12,13,38.2,29.4,23687,
Karongi,West,Rubengera,29.9,13,13,38.2,27.5,40337,
Ngororero,West,Muhanda,56.4,1,13,30.2,44.3,31869,
Ngororero,West,Sovu,46.2,2,13,30.2,36.3,31966,
Ngororero,West,Matyazo,41.7,3,13,30.2,32.7,27673,
Ngororero,West,Hindiro,41.7,4,13,30.2,32.7,26040,
Ngororero,West,Bwira,40.0,5,13,30.2,31.4,20012,
Ngororero,West,Kageyo,39.7,6,13,30.2,31.2,25929,
Ngororero,West,Kavumu,38.4,7,13,30.2,30.1,32791,
Ngororero,West,Kabaya,38.1,8,13,30.2,29.9,36324,
Ngororero,West,Ndaro,35.5,9,13,30.2,27.9,24444,
Ngororero,West,Nyange,35.3,10,13,30.2,27.7,24859,
Ngororero,West,Gatumba,31.8,11,13,30.2,25.0,24952,
Ngororero,West,Ngororero,27.2,12,13,30.2,21.3,38823,
Ngororero,West,Muhororo,26.8,13,13,30.2,21.0,22273,
Nyabihu,West,Muringa,42.6,1,12,20.4,28.8,22599,
Nyabihu,West,Rugera,35.6,2,12,20.4,24.0,26938,
Nyabihu,West,Jomba,34.8,3,12,20.4,23.5,21897,
Nyabihu,West,Rurembo,33.9,4,12,20.4,22.9,24399,
Nyabihu,West,Shyira,33.0,5,12,20.4,22.3,21786,
Nyabihu,West,Kintobo,31.6,6,12,20.4,21.3,15315,
Nyabihu,West,Rambura,31.1,7,12,20.4,21.0,28820,
Nyabihu,West,Jenda,31.0,8,12,20.4,20.9,43168,
Nyabihu,West,Karago,29.5,9,12,20.4,19.9,25832,
Nyabihu,West,Bigogwe,23.4,10,12,20.4,15.8,34439,
Nyabihu,West,Mukamira,22.8,11,12,20.4,15.4,33013,
Nyabihu,West,Kabatwa,17.7,12,12,20.4,12.0,20841,
Nyamasheke,West,Rangiro,54.7,1,15,42.7,55.3,17967,
Nyamasheke,West,Bushekeri,47.8,2,15,42.7,48.4,29680,
Nyamasheke,West,Shangi,46.3,3,15,42.7,46.8,28064,
Nyamasheke,West,Kirimbi,45.8,4,15,42.7,46.3,25647,
Nyamasheke,West,Gihombo,45.5,5,15,42.7,46.0,29843,
Nyamasheke,West,Kagano,45.0,6,15,42.7,45.5,39994,
Nyamasheke,West,Karambi,41.5,7,15,42.7,42.0,29726,
Nyamasheke,West,Macuba,41.2,8,15,42.7,41.7,33319,
Nyamasheke,West,Kanjongo,40.4,9,15,42.7,40.9,40341,
Nyamasheke,West,Cyato,40.4,10,15,42.7,40.9,26996,
Nyamasheke,West,Karengera,40.4,11,15,42.7,40.9,32504,
Nyamasheke,West,Bushenge,39.7,12,15,42.7,40.2,22624,
Nyamasheke,West,Nyabitekeri,38.1,13,15,42.7,38.5,29293,
Nyamasheke,West,Mahembe,35.5,14,15,42.7,35.9,20043,
Nyamasheke,West,Ruharambuga,32.5,15,15,42.7,32.9,28180,
Rubavu,West,Busasamana,52.0,1,12,38.8,54.1,40542,
Rubavu,West,Cyanzarwe,48.6,2,12,38.8,50.5,38977,
Rubavu,West,Kanama,47.0,3,12,38.8,48.9,37584,
Rubavu,West,Nyundo,44.3,4,12,38.8,46.1,42305,
Rubavu,West,Mudende,43.9,5,12,38.8,45.6,32077,
Rubavu,West,Nyamyumba,42.9,6,12,38.8,44.6,48718,
Rubavu,West,Nyakiriba,38.6,7,12,38.8,40.1,50834,
Rubavu,West,Rugerero,38.1,8,12,38.8,39.6,66926,
Rubavu,West,Kanzenze,36.9,9,12,38.8,38.4,23127,
Rubavu,West,Bugeshi,32.5,10,12,38.8,33.8,33892,
Rubavu,West,Rubavu,32.1,11,12,38.8,33.4,80107,
Rubavu,West,Gisenyi,4.4,12,12,38.8,4.6,51594,
Rusizi,West,Bweyeye,69.7,1,18,44.2,71.2,18109,
Rusizi,West,Bugarama,61.4,2,18,44.2,62.8,42830,
Rusizi,West,Butare,59.8,3,18,44.2,61.1,25483,
Rusizi,West,Nkombo,55.8,4,18,44.2,57.0,18637,
Rusizi,West,Gikundamvura,51.8,5,18,44.2,53.0,21909,
Rusizi,West,Nzahaha,47.6,6,18,44.2,48.7,30399,
Rusizi,West,Rwimbogo,46.8,7,18,44.2,47.8,23254,
Rusizi,West,Nkanka,43.4,8,18,44.2,44.4,19857,
Rusizi,West,Nyakabuye,41.7,9,18,44.2,42.6,33200,
Rusizi,West,Gashonga,40.6,10,18,44.2,41.5,26791,
Rusizi,West,Nkungu,40.4,11,18,44.2,41.3,21696,
Rusizi,West,Gitambi,39.1,12,18,44.2,40.0,25119,
Rusizi,West,Giheke,38.6,13,18,44.2,39.5,20740,
Rusizi,West,Muganza,38.6,14,18,44.2,39.5,32849,
Rusizi,West,Mururu,37.9,15,18,44.2,38.7,29774,
Rusizi,West,Nyakarenzo,32.3,16,18,44.2,33.0,18384,
Rusizi,West,Gihundwe,29.6,17,18,44.2,30.3,41615,
Rusizi,West,Kamembe,18.2,18,18,44.2,18.6,34883,
Rutsiro,West,Nyabirasi,57.7,1,13,40.8,54.8,33304,
Rutsiro,West,Rusebeya,47.0,2,13,40.8,44.6,26648,
Rutsiro,West,Mukura,46.2,3,13,40.8,43.9,38627,
Rutsiro,West,Mushubati,45.7,4,13,40.8,43.4,31539,
Rutsiro,West,Kivumu,44.6,5,13,40.8,42.3,35027,
Rutsiro,West,Kigeyo,42.6,6,13,40.8,40.4,24308,
Rutsiro,West,Murunda,40.6,7,13,40.8,38.5,23401,
Rutsiro,West,Ruhango,40.5,8,13,40.8,38.4,30452,
Rutsiro,West,Musasa,39.3,9,13,40.8,37.3,25716,
Rutsiro,West,Manihira,38.2,10,13,40.8,36.3,19386,
Rutsiro,West,Gihango,37.6,11,13,40.8,35.7,27481,
Rutsiro,West,Mushonyi,36.9,12,13,40.8,35.0,24085,
Rutsiro,West,Boneza,34.4,13,13,40.8,32.7,29206,
