study_id,doc_type,title,filename,size,url
90,Questionnaires,Agricultural household survey 2017 questionnaire,AHS_ Questionnaire_2017.pdf,1.26 MB,https://microdata.statistics.gov.rw/index.php/catalog/90/download/837
90,Reports,Agricultural Household Survey (AHS) 2017 report,Agricultural Household Survey _2017_final.pdf,9.67 MB,https://microdata.statistics.gov.rw/index.php/catalog/90/download/838
101,Questionnaires,AHS_2020_Questionnaire,AHS_2020_Questionnaire_English.pdf,308.53 KB,https://microdata.statistics.gov.rw/index.php/catalog/101/download/908
101,Reports,Agricultural household survey 2020 Report,AHS_2020 report.pdf,2.78 MB,https://microdata.statistics.gov.rw/index.php/catalog/101/download/907
123,Questionnaires,Questionnaire,AHS 2024 Questionnaire.pdf,644.23 KB,https://microdata.statistics.gov.rw/index.php/catalog/123/download/1106
123,Reports,Agriculture Household Survey 2024 Report,https://www.statistics.gov.rw/sites/default/files/documents/2025-10/AHS%202024_Main%20report.pdf,,https://www.statistics.gov.rw/sites/default/files/documents/2025-10/AHS%202024_Main%20report.pdf
26,Questionnaires,Rwanda Comprehensive Food Security and Vulnerability Analysis2006 Household Interview,Questionnaire_compilation_for_Rwanda_CFSVA_MG[9].pdf,8.7 MB,https://microdata.statistics.gov.rw/index.php/catalog/26/download/102
26,Reports,Rwanda Comprehensive Food Security and Vulnerability Analysis (CFSVA),CFSVA report 2006.pdf,5.16 MB,https://microdata.statistics.gov.rw/index.php/catalog/26/download/101
70,Questionnaires,Village Key Informant Questionnaire for CFSVA 2015,q-cfsva-2015-village-key-informant.pdf,833.66 KB,https://microdata.statistics.gov.rw/index.php/catalog/70/download/626
70,Questionnaires,Household Questionnaire for CFSVA2015,q-cfsva-2015-household.pdf,2.04 MB,https://microdata.statistics.gov.rw/index.php/catalog/70/download/627
70,Questionnaires,"Mother,Child and Nutrition Questionnaire for CFSVA 2015",q-cfsva-2015-mother-and-child-nutrition.pdf,438.86 KB,https://microdata.statistics.gov.rw/index.php/catalog/70/download/628
70,Reports,Rwanda 2015 comprehensive Food Security and Vulnerability Analysis Report,cfsva-2015-final-report-v01.pdf,4.21 MB,https://microdata.statistics.gov.rw/index.php/catalog/70/download/629
70,Technical documents,Detailed Methodology for CFSVA 2015,cfsva-2015-detailed- methodology.pdf,116.5 KB,https://microdata.statistics.gov.rw/index.php/catalog/70/download/630
70,Technical documents,Definitions and Computations of Key Indicators from CFSVA 2015,cfsva-2015-definitions- and-computation- of main-indicators.pdf,151.62 KB,https://microdata.statistics.gov.rw/index.php/catalog/70/download/631
70,Technical documents,Agatabo ko Gukusanya Amakuru,cfsva-2015-enumerator-manual-kiny.pdf,1.26 MB,https://microdata.statistics.gov.rw/index.php/catalog/70/download/632
70,Other materials,Data Collection Manual,cfsva-2015-enumerator-manual-eng.pdf,1.43 MB,https://microdata.statistics.gov.rw/index.php/catalog/70/download/633
91,Questionnaires,RWA CFSVA 2018 HH MCHN Questionnaire in English,RWA CFSVA 2018 HH MCHN Final EN.pdf,1.99 MB,https://microdata.statistics.gov.rw/index.php/catalog/91/download/855
91,Questionnaires,RWA CFSVA 2018 HH MCHN Questionnaire in KINY,RWA CFSVA 2018 HH MCHN Final KIN.pdf,2.01 MB,https://microdata.statistics.gov.rw/index.php/catalog/91/download/856
91,Questionnaires,RWA CFSVA 2018 VILLAGE Questionnaire in English,RWA CFSVA 2018 VILLAGE Final EN.pdf,137.93 KB,https://microdata.statistics.gov.rw/index.php/catalog/91/download/857
91,Questionnaires,RWA CFSVA 2018 VILLAGE Questionnaire in Kiny,RWA CFSVA 2018 VILLAGE Final KIN.pdf,137.21 KB,https://microdata.statistics.gov.rw/index.php/catalog/91/download/858
91,Reports,Comprehensive Food Security and Vulnerability Analysis 2018 Final Report,CFSVA2018 Final Report.pdf,13.43 MB,https://microdata.statistics.gov.rw/index.php/catalog/91/download/849
91,Technical documents,Definitions and computation of main indicators,Definitions and computation of main indicators.pdf,224.18 KB,https://microdata.statistics.gov.rw/index.php/catalog/91/download/850
91,Technical documents,Detailed assistance types grouping,Detailed assistance types grouping.pdf,21.03 KB,https://microdata.statistics.gov.rw/index.php/catalog/91/download/851
91,Technical documents,Detailed Methodology,Detailed methodology.pdf,68.13 KB,https://microdata.statistics.gov.rw/index.php/catalog/91/download/852
106,Questionnaires,RWA CFSVA 2021 HH_EN,RWA CFSVA 2021 HH_EN.pdf,2.93 MB,https://microdata.statistics.gov.rw/index.php/catalog/106/download/946
106,Questionnaires,RWA CFSVA 2021 VILLAGE - ENGLISH,RWA CFSVA 2021 VILLAGE - ENGLISH.pdf,410.11 KB,https://microdata.statistics.gov.rw/index.php/catalog/106/download/947
106,Questionnaires,RWA CFSVA 2021 HH_KIN,RWA CFSVA 2021 HH_KIN.pdf,2.97 MB,https://microdata.statistics.gov.rw/index.php/catalog/106/download/948
106,Questionnaires,RWA CFSVA 2021 VILLAGE - KINYARWANDA,RWA CFSVA 2021 VILLAGE - KINYARWANDA.pdf,409.55 KB,https://microdata.statistics.gov.rw/index.php/catalog/106/download/949
106,Reports,CFSVA Report_Fina,CFSVA Report_Final.pdf,5.8 MB,https://microdata.statistics.gov.rw/index.php/catalog/106/download/945
122,Questionnaires,Questionnaire,Questionnaire. RWA CFSVA 2024 HH - EN.pdf,1.8 MB,https://microdata.statistics.gov.rw/index.php/catalog/122/download/1101
122,Reports,Report of CFSVA(2024),https://statistics.gov.rw/sites/default/files/documents/2025-07/Rwanda%20CFSVA%202024.pdf,,https://statistics.gov.rw/sites/default/files/documents/2025-07/Rwanda%20CFSVA%202024.pdf
122,Technical documents,Methodology,Annex 01. Detailed Methodology.pdf,51.94 KB,https://microdata.statistics.gov.rw/index.php/catalog/122/download/1100
8,Questionnaires,Rwanda 2009-Comprehensive Food Security Assessment and Nutrition Survey,HH Questionnaire_Rwanda 2009 CFSVA & Nutrition Survey _English__FINAL.pdf,32.81 MB,https://microdata.statistics.gov.rw/index.php/catalog/8/download/37
8,Reports,Rwanda Comprehensive Food Security and Vulnerability Analysis and Nutrition Survey,CFSVA report 2009_1.pdf,6.93 MB,https://microdata.statistics.gov.rw/index.php/catalog/8/download/36
69,Questionnaires,Rwanda Comprehensive Food Security and vulnerability Analysis and Nutrition Survey 2012-Village Informant Questionnaire,q-cfsvans-2012-community-eng.pdf,550.5 KB,https://microdata.statistics.gov.rw/index.php/catalog/69/download/616
69,Questionnaires,Rwanda Comprehensive Food Security and vulnerability Analysis and Nutrition Survey 2012-Household Questionnaire,q-cfsvans-2012-household-eng.pdf,656.31 KB,https://microdata.statistics.gov.rw/index.php/catalog/69/download/617
69,Questionnaires,Rwanda Comprehensive Food Security and vulnerability Analysis and Nutrition Survey 2012-mother-and-child-nutrition-Questionnaire,q-cfsvans-2012-woman-and-child-nutrition-eng.pdf,355.17 KB,https://microdata.statistics.gov.rw/index.php/catalog/69/download/618
69,Reports,Comprehensive Food Security and Vulnerability Analysis and Nutrition Survey 2012 Final Report,cfsvans-2012-final-report-v01.pdf,6.53 MB,https://microdata.statistics.gov.rw/index.php/catalog/69/download/619
69,Reports,References,cfsvans-2012-references.xls,14.38 KB,https://microdata.statistics.gov.rw/index.php/catalog/69/download/620
69,Technical documents,Detailed Methodology for Comprehensive Food Security and Vulnerability Analysis & Nutrition Survey 2012,cfsvans-2012-detailed-methodology-eng.pdf,345.2 KB,https://microdata.statistics.gov.rw/index.php/catalog/69/download/621
69,Technical documents,Regression Analysis,cfsvans-2012-regression-analysis-eng.pdf,495.14 KB,https://microdata.statistics.gov.rw/index.php/catalog/69/download/622
69,Technical documents,Water Requirements satisfaction index Methodology,cfsvans-2012-water-requirements-satissfaction-index-methodology-eng.pdf,166.96 KB,https://microdata.statistics.gov.rw/index.php/catalog/69/download/623
69,Technical documents,Definitions and Computation of Main Indicators,cfsvans-2012-eng-definitions-and- computation-of main- indicators.pdf,288.05 KB,https://microdata.statistics.gov.rw/index.php/catalog/69/download/624
11,Reports,DHS Report_2000,Rwanda_DHS.pdf,4.2 MB,https://microdata.statistics.gov.rw/index.php/catalog/11/download/48
11,Reports,DHS key findings_2000,DHS_Key Findings_2000.pdf,574.67 KB,https://microdata.statistics.gov.rw/index.php/catalog/11/download/49
11,Reports,HIV/Sida and Sexual Transmited Infections,DHS2000_HIV.pdf,1.9 MB,https://microdata.statistics.gov.rw/index.php/catalog/11/download/50
11,Reports,Nutition of young children and mothrs in Rwand,DHS_Nutrition.pdf,1.34 MB,https://microdata.statistics.gov.rw/index.php/catalog/11/download/51
68,Questionnaires,Household Questionnaire,q-rdhs5-2014-2015-household-eng.pdf,100.34 KB,https://microdata.statistics.gov.rw/index.php/catalog/68/download/587
68,Questionnaires,Urutonde rw'Ibibazwa Urugo,q-rdhs5-2014-2015-household-kin.pdf,173.27 KB,https://microdata.statistics.gov.rw/index.php/catalog/68/download/588
68,Questionnaires,Man's Questionnaire,q-rdhs5-2014-2015-man-eng.pdf,117.84 KB,https://microdata.statistics.gov.rw/index.php/catalog/68/download/589
68,Questionnaires,Urutonde rw'Ibibazwa Abagabo,q-rdhs5-2014-2015-man-kin.pdf,122.33 KB,https://microdata.statistics.gov.rw/index.php/catalog/68/download/590
68,Questionnaires,Woman's Questionnaire,q-rdhs5-2014-2015-woman-eng.pdf,302.78 KB,https://microdata.statistics.gov.rw/index.php/catalog/68/download/591
68,Questionnaires,Urutonde rw'Ibibazwa Abagore,q-rdhs5-2014-2015-woman-kin.pdf,308.76 KB,https://microdata.statistics.gov.rw/index.php/catalog/68/download/592
68,Reports,Rwanda Demographic and Health Survey 2014-15 Final Report,rdhs-v-final-report.pdf,5.2 MB,https://microdata.statistics.gov.rw/index.php/catalog/68/download/603
68,Reports,Rwanda Demographic and Health Survey 2014-15 Key Findings,rdhs-v-key-findings.pdf,3.96 MB,https://microdata.statistics.gov.rw/index.php/catalog/68/download/604
68,Reports,"Rwanda Demographic and Health Survey Key Findings Presentation, Part 1",rdhs-v-key-findings-presentation-part-one.ppt,2.59 MB,https://microdata.statistics.gov.rw/index.php/catalog/68/download/605
68,Reports,"Rwanda Demographic and Health Survey2014-15 Key Findings Presentation,Part 2",Rrdhs-v-key-findings-presentation-part-two.ppt,2.62 MB,https://microdata.statistics.gov.rw/index.php/catalog/68/download/606
68,Technical documents,Icyemezo cyo guhabwa inama no kwipimisha ku bushake Virusi itera SIDA,rdhs5-2014-2015-flyer.pdf,2.73 MB,https://microdata.statistics.gov.rw/index.php/catalog/68/download/586
68,Technical documents,Manual for Househol Listing,rdhs5-2014-2015-households-listing-manual-eng.pdf,791.15 KB,https://microdata.statistics.gov.rw/index.php/catalog/68/download/593
68,Technical documents,Interviewer's Manual,rdhs5-2014-2015-interviewer-manual-eng.pdf,1.4 MB,https://microdata.statistics.gov.rw/index.php/catalog/68/download/594
68,Technical documents,Manuel pour Enquêteurs/ Enquêtrices,rdhs5-2014-2015-interviewer-manual-fr.pdf,1.42 MB,https://microdata.statistics.gov.rw/index.php/catalog/68/download/595
68,Technical documents,Supervisor’s and Editor’s Manual,rdhs5-2014-2015-supervisor-editor-manual.pdf,184.13 KB,https://microdata.statistics.gov.rw/index.php/catalog/68/download/596
68,Technical documents,Listing Form,rdhs5-2014-2015-listing-form-eng.pdf,536.11 KB,https://microdata.statistics.gov.rw/index.php/catalog/68/download/598
68,Technical documents,Sample Design,rdhs5-2014-2015-sample-design-eng.pdf,327.95 KB,https://microdata.statistics.gov.rw/index.php/catalog/68/download/601
68,Technical documents,RDHS-V Protocol,rdhs5-2014-2015-protocol-eng.pdf,1.35 MB,https://microdata.statistics.gov.rw/index.php/catalog/68/download/602
68,Technical documents,Data collection Supervision reporting Form,rdhs5-2014-2015-data-collection-supervision-report-form-eng.pdf,249.94 KB,https://microdata.statistics.gov.rw/index.php/catalog/68/download/607
14,Questionnaires,Questionnaire,Questionnaire_DHS 2005.pdf,2.59 MB,https://microdata.statistics.gov.rw/index.php/catalog/14/download/56
14,Reports,Rwanda Demographic and Health survey 2005 Report,DHS_2005 Report.pdf,12.58 MB,https://microdata.statistics.gov.rw/index.php/catalog/14/download/62
14,Reports,Key Findings,Key Findings.pdf,3.16 MB,https://microdata.statistics.gov.rw/index.php/catalog/14/download/63
14,Other materials,Interviewer's Manual,DHS6_Interviewer_Manual_22July2011.pdf,1.38 MB,https://microdata.statistics.gov.rw/index.php/catalog/14/download/57
14,Other materials,Supervisor Manual,DHS6_Supervisor_Editor_Manual_30Mar2011.pdf,524.68 KB,https://microdata.statistics.gov.rw/index.php/catalog/14/download/58
14,Other materials,Data Entry Manual,entry.pdf,88.76 KB,https://microdata.statistics.gov.rw/index.php/catalog/14/download/59
14,Other materials,Trainning Manual,DHS_Training_Guidelines.pdf,1.25 MB,https://microdata.statistics.gov.rw/index.php/catalog/14/download/60
14,Other materials,Data entry Supervision,Data entry supervision.pdf,155.96 KB,https://microdata.statistics.gov.rw/index.php/catalog/14/download/61
4,Questionnaires,Questionnaire,2010 Rwanda Demographic and Health Survey Questionnaire.pdf,668.76 KB,https://microdata.statistics.gov.rw/index.php/catalog/4/download/11
4,Reports,Rwanda Demographic and Health Survey 2010 Final Report,2010 Rwanda Demographic and Health Survey Report.pdf,3.94 MB,https://microdata.statistics.gov.rw/index.php/catalog/4/download/15
4,Reports,Key Findings,2010 Rwanda Demographic and Health Survey Key Findings.pdf,2.68 MB,https://microdata.statistics.gov.rw/index.php/catalog/4/download/16
4,Technical documents,DHS 2010 Protocol,,,
4,Technical documents,Tmetable,,,
4,Other materials,Training Guidlines for DHS surveys,DHS_Training_Guidelines.pdf,1.25 MB,https://microdata.statistics.gov.rw/index.php/catalog/4/download/12
4,Other materials,Interview's Manual,DHS6_Interviewer_Manual_22July2011.pdf,1.38 MB,https://microdata.statistics.gov.rw/index.php/catalog/4/download/13
4,Other materials,Supervisor’s and Editor’s Manual,DHS6_Supervisor_Editor_Manual_30Mar2011.pdf,524.68 KB,https://microdata.statistics.gov.rw/index.php/catalog/4/download/14
4,Other materials,Presentation,,,
25,Questionnaires,Household Questionnaire,MICS Questionnaire.pdf,226.02 KB,https://microdata.statistics.gov.rw/index.php/catalog/25/download/99
25,Reports,Enquete à Indicateurs Multiples (MICS 2000),Rwanda MICS_Preliminary Report.pdf,217.73 KB,https://microdata.statistics.gov.rw/index.php/catalog/25/download/97
25,Other materials,Tables,Rwanda_MICS_tables.pdf,250.85 KB,https://microdata.statistics.gov.rw/index.php/catalog/25/download/98
6,Questionnaires,Individual_Female Questionnaire,rwa_Women.pdf,1.09 MB,https://microdata.statistics.gov.rw/index.php/catalog/6/download/26
6,Questionnaires,Individual_Male Questionnaire,rwa_Man.pdf,229.56 KB,https://microdata.statistics.gov.rw/index.php/catalog/6/download/27
6,Questionnaires,Individual_House Hold Questionnaire,rwa_Household.pdf,127.7 KB,https://microdata.statistics.gov.rw/index.php/catalog/6/download/28
6,Reports,Enquête Démographique et de Santé 1992,DHS_1992_Report.pdf,8.38 MB,https://microdata.statistics.gov.rw/index.php/catalog/6/download/29
6,Technical documents,Sampling Plan,Plan de sondage11AnnexeB.pdf,154.8 KB,https://microdata.statistics.gov.rw/index.php/catalog/6/download/32
6,Other materials,DHS1992 Key finds,DHS_Key Findings_1992.pdf,2.44 MB,https://microdata.statistics.gov.rw/index.php/catalog/6/download/30
6,Other materials,Sampling Error,Erreurs de sondage12AnnexeC.pdf,442.72 KB,https://microdata.statistics.gov.rw/index.php/catalog/6/download/31
6,Other materials,data quality tables,Data quality tables13AnnexeD.pdf,119.78 KB,https://microdata.statistics.gov.rw/index.php/catalog/6/download/33
41,Questionnaires,"Manufacturing Module Questionnaire, Module A (show cards for Innovation)",,,
41,Questionnaires,"Manufacturing Module Questionnaire, Module B (without showing cards for Innovation)",,,
41,Questionnaires,"Services Module Questionnaire, Module A (show cards for Innovation)",,,
41,Questionnaires,"Services Module Questionnaire, Module B (without showing cards for Innovation)",,,
41,Questionnaires,Screener Questionnaire,,,
41,Reports,Rwanda Country Profile 2011,,,
41,Technical documents,Description of Rwanda ES 2011 Implementation,,,
41,Technical documents,Questionnaire Manual,,,
41,Technical documents,Sampling Methodology,,,
41,Technical documents,ISIC Revision 3.1 Codes,,,
120,Questionnaires,QUESTIONNAIRE,,,
120,Questionnaires,Questionnaire,Finscope consumer 2024 Final QNR 29 June 2025_Shared_NISR.pdf,1.44 MB,https://microdata.statistics.gov.rw/index.php/catalog/120/download/1088
120,Reports,Rwanda FinScope 2024,Finscope-Final-Report__10_07_2024-1.pdf,6.06 MB,https://microdata.statistics.gov.rw/index.php/catalog/120/download/1085
120,Reports,Presentation,FinScope-2024-Presantation.pdf,2.44 MB,https://microdata.statistics.gov.rw/index.php/catalog/120/download/1089
9,Questionnaires,Census 2002 Questionnaire - Collective Households,Quest coll vers .Anglaise.pdf,210.17 KB,https://microdata.statistics.gov.rw/index.php/catalog/9/download/38
9,Questionnaires,Census 2002 Questionnaire - Private Households,Quest. version anglaise..pdf,353.07 KB,https://microdata.statistics.gov.rw/index.php/catalog/9/download/39
9,Reports,A Synthesis Of The Analyses Of The 2002 Census Of Rwanda,Census_A synthesis report_0.pdf,2.44 MB,https://microdata.statistics.gov.rw/index.php/catalog/9/download/40
9,Other materials,Tables,TablesEnglish.zip,102.8 KB,https://microdata.statistics.gov.rw/index.php/catalog/9/download/43
79,Reports,Health Administrative Data Progress Assessment,rwa-nisr- rhadpa-report.pdf,1.39 MB,https://microdata.statistics.gov.rw/index.php/catalog/79/download/764
75,Questionnaires,EICV4(2013-2014)Questionnaire(English),q-eicv-2013-2014-qustionnaire-eng.doc,1.96 MB,https://microdata.statistics.gov.rw/index.php/catalog/75/download/726
75,Questionnaires,Urutonde rw'Ibibazwa ( Igice cya Mbere),q-eicv-2013-2014-questionnaire-part-A-kiny.doc,1 MB,https://microdata.statistics.gov.rw/index.php/catalog/75/download/727
75,Questionnaires,Urutonde rw'Ibibazwa (Igice cya Kabiri),q-eicv-2013-2014-questionnaire-part-B-kiny.doc,1.58 MB,https://microdata.statistics.gov.rw/index.php/catalog/75/download/728
75,Reports,EICV4 (2013-2014) Main Indicators Report,eicv-2013-2014-main-indicators-report.pdf,19.21 MB,https://microdata.statistics.gov.rw/index.php/catalog/75/download/717
75,Reports,EICV4(2013-2014) Economic Activities Thematic Report,eicv-2013-2014-economic-activities-thematic-report.pdf,9.38 MB,https://microdata.statistics.gov.rw/index.php/catalog/75/download/718
75,Reports,EICV4(2013-2014) Education Thematic Report,eicv-2013-2014-education-thematic-report.pdf,9.45 MB,https://microdata.statistics.gov.rw/index.php/catalog/75/download/719
75,Reports,EICV4(2013-2014) Environment and Nartural Resources Thematic Report,eicv-2013-2014-environment-thematic-report.pdf,11.41 MB,https://microdata.statistics.gov.rw/index.php/catalog/75/download/720
75,Reports,EICV4(2013-2014) Poverty Profile Report,eicv-2013-2014-poverty-profile-report.pdf,6.55 MB,https://microdata.statistics.gov.rw/index.php/catalog/75/download/721
75,Reports,EICV4(2013-2014) Poverty Trend Analysis Report,eicv-2013-2014-poverty-trend-analysis-report.pdf,4.62 MB,https://microdata.statistics.gov.rw/index.php/catalog/75/download/722
75,Reports,EICV4(2013-2014) Gender Thematic Report,eicv-2013-2014-gender-thematic-report.pdf,10.52 MB,https://microdata.statistics.gov.rw/index.php/catalog/75/download/723
75,Reports,EICV4(2013-2014) Utility and Amenities Thematic Report,eicv-2013-2014-utilities-and-amenities-thematic-report.pdf,14.98 MB,https://microdata.statistics.gov.rw/index.php/catalog/75/download/724
75,Reports,EICV4(2013-2014) Youth Thematic Report,eicv-2013-2014-youth-thematic-report.pdf,7.83 MB,https://microdata.statistics.gov.rw/index.php/catalog/75/download/725
75,Technical documents,Igitabo cy'Amabwiriza y'Umugenzuzi w'Ibarura,eicv-2013-2014-controller-manual.doc,346 KB,https://microdata.statistics.gov.rw/index.php/catalog/75/download/729
75,Technical documents,Igitabo cy'Amabwiriza y'Umukarani w'Ibarura,eicv-2013-2014-enumerator-manual.doc,1.54 MB,https://microdata.statistics.gov.rw/index.php/catalog/75/download/730
75,Technical documents,Raporo y'Umugenzuzi w'Ibarura,eicv-2013-2014-controller-report-form.doc,94 KB,https://microdata.statistics.gov.rw/index.php/catalog/75/download/731
75,Technical documents,Ifishi y'Urutonde rw'Ingo Zibarurwa muri Panel,eicv-2013-2014-hh-sample-in-Panel-cluster.doc,58 KB,https://microdata.statistics.gov.rw/index.php/catalog/75/download/732
75,Technical documents,Ifishi y'Urutonde rw'Amazu n'Ingo,eicv-2013-2014-listing-forms.doc,96.5 KB,https://microdata.statistics.gov.rw/index.php/catalog/75/download/733
75,Technical documents,Panel Tracking and Household Listing and Samlpling instruction Manual,eicv-2013-2014-listing-manual.doc,3.01 MB,https://microdata.statistics.gov.rw/index.php/catalog/75/download/734
75,Technical documents,Ifishi ifasha gufata umwanzuro wo gushakisha abimutse,eicv-2013-2014-panel-forms- _ PLS2 -PLS3 and PLS4.doc,220 KB,https://microdata.statistics.gov.rw/index.php/catalog/75/download/735
75,Technical documents,Ifishi y'Urutonde rw'Ingo Zatoranijwe,eicv-2013-2014-selecting forms.doc,99 KB,https://microdata.statistics.gov.rw/index.php/catalog/75/download/736
73,Questionnaires,Urutonde rw'Ibibazwa (Igice cya Kabiri),q-eicv-2013-2014-questionnaire-part-B-kiny.doc,1.58 MB,https://microdata.statistics.gov.rw/index.php/catalog/73/download/698
73,Questionnaires,Urutonde rw'Ibibazwa (Igice cya Mbere),q-eicv-2013-2014-questionnaire-part-A-kiny.doc,1 MB,https://microdata.statistics.gov.rw/index.php/catalog/73/download/699
73,Questionnaires,EICV4 questionnaire,q-eicv-2013-2014-qustionnaire-eng.doc,1.96 MB,https://microdata.statistics.gov.rw/index.php/catalog/73/download/700
73,Reports,EICV4(2013-2014) Social Protection Thematic Report,eicv-2013-2014-social-protection-thematic-report.pdf,6.19 MB,https://microdata.statistics.gov.rw/index.php/catalog/73/download/685
73,Technical documents,Raporo y'Umugenzuzi w'Ibarura,eicv-2013-2014-controller-report-form.doc,94 KB,https://microdata.statistics.gov.rw/index.php/catalog/73/download/670
73,Technical documents,Ifishi y'Urutonde rw'Ingo Zatoranijwe,eicv-2013-2014-selecting forms.doc,99 KB,https://microdata.statistics.gov.rw/index.php/catalog/73/download/677
73,Technical documents,Ifishi ifasha gufata umwanzuro wo gushakisha abimutse,eicv-2013-2014-panel-forms- _ PLS2 -PLS3 and PLS4.doc,220 KB,https://microdata.statistics.gov.rw/index.php/catalog/73/download/678
73,Technical documents,Ifishi y'Urutonde rw'Ingo Zibarurwa muri Panel,eicv-2013-2014-hh-sample-in-Panel-cluster.doc,58 KB,https://microdata.statistics.gov.rw/index.php/catalog/73/download/680
73,Technical documents,Raporo y'Umugenzuzi w'Ibarura,eicv-2013-2014-controller-report-form.doc,94 KB,https://microdata.statistics.gov.rw/index.php/catalog/73/download/682
73,Technical documents,Panel Tracking and Household Listing and Samlpling instruction Manual,eicv-2013-2014-listing-manual.doc,3.01 MB,https://microdata.statistics.gov.rw/index.php/catalog/73/download/691
73,Technical documents,Ifishi y'Urutonde rw'Amazu n'Ingo,eicv-2013-2014-listing-forms.doc,96.5 KB,https://microdata.statistics.gov.rw/index.php/catalog/73/download/693
73,Technical documents,Raporo y'Umugenzuzi w'Ibarura,eicv-2013-2014-controller-report-form.doc,94 KB,https://microdata.statistics.gov.rw/index.php/catalog/73/download/694
73,Technical documents,Igitabo cy'Amabwiriza y'Umukarani w'Ibarura,eicv-2013-2014-enumerator-manual.doc,1.54 MB,https://microdata.statistics.gov.rw/index.php/catalog/73/download/695
73,Technical documents,Igitabo cy'Amabwiriza y'Umugenzuzi w'Ibarura,eicv-2013-2014-controller-manual.doc,346 KB,https://microdata.statistics.gov.rw/index.php/catalog/73/download/696
82,Questionnaires,EICV5 Questionnaire,q-eicv5-eng.doc,2.18 MB,https://microdata.statistics.gov.rw/index.php/catalog/82/download/793
82,Reports,EICV5 Main Indicator Report,rwa-nisr-eicv5-main-indicator-report-2016-2017.pdf,16.57 MB,https://microdata.statistics.gov.rw/index.php/catalog/82/download/788
82,Reports,EICV5 Poverty profile report,rwa-nisr-eicv5-poverty-profile-report-2016-2017.pdf,17.21 MB,https://microdata.statistics.gov.rw/index.php/catalog/82/download/789
82,Technical documents,Igitabo Cy'Amabwiriza y'Umukarani w'Ibarura,rwa-nisr-eicv5-enumerator-instruction-manual.doc,1.56 MB,https://microdata.statistics.gov.rw/index.php/catalog/82/download/791
82,Technical documents,EICV5 Listing Manual,rwa-nisr-eicv5-listing-manual.doc,1.45 MB,https://microdata.statistics.gov.rw/index.php/catalog/82/download/792
85,Questionnaires,EICV5(2016-2017)Questionnaire(English),q-eicv5-eng.doc,2.18 MB,https://microdata.statistics.gov.rw/index.php/catalog/85/download/803
85,Reports,EICV- VIUP Thematic Report 2016-2017,rwa-nisr-eicv-2016-2017-VUP.pdf,19.2 MB,https://microdata.statistics.gov.rw/index.php/catalog/85/download/802
85,Technical documents,Igitabo Cy'Amabwiriza y'Umukarani w'Ibarura,rwa-nisr-eicv5-enumerator-instruction-manual.doc,1.56 MB,https://microdata.statistics.gov.rw/index.php/catalog/85/download/804
119,Questionnaires,Questionnaire,EICV7_Final_Questionnaire_English.pdf,2.01 MB,https://microdata.statistics.gov.rw/index.php/catalog/119/download/1080
119,Reports,EICV7 Reports,https://statistics.gov.rw/data-sources/surveys/EICV/integrated-household-living-conditions-survey-7-eicv-7,,https://statistics.gov.rw/data-sources/surveys/EICV/integrated-household-living-conditions-survey-7-eicv-7
119,Technical documents,Methology Note,https://statistics.gov.rw/sites/default/files/documents/2025-04/Methodological%20Note.pdf,,https://statistics.gov.rw/sites/default/files/documents/2025-04/Methodological%20Note.pdf
119,Technical documents,Instruction Manuel,EICV7 _Instruction Manual_Final.pdf,2.86 MB,https://microdata.statistics.gov.rw/index.php/catalog/119/download/1082
119,Other materials,Metadata,ddi-documentation-english-119.pdf,549.83 KB,https://microdata.statistics.gov.rw/index.php/catalog/119/download/1084
121,Questionnaires,Questionnaire,EICV7_Final_Questionnaire_English.pdf,2.01 MB,https://microdata.statistics.gov.rw/index.php/catalog/121/download/1096
121,Reports,EICV7_VUP_Thematic_Report,EICV7_VUP_Thematic_Report__0.pdf,1.71 MB,https://microdata.statistics.gov.rw/index.php/catalog/121/download/1095
27,Questionnaires,Questionnaire EICV 2001,Questionnaire EICV1.pdf,6.69 MB,https://microdata.statistics.gov.rw/index.php/catalog/27/download/103
27,Questionnaires,Integrated Household Living Condition Survey in Rwanda(2000-2001),Eicv_2001_Final_Report_0.pdf,1.01 MB,https://microdata.statistics.gov.rw/index.php/catalog/27/download/104
39,Questionnaires,Questionnaires Part A and Part B,rwa_eicv_2005_questionnaire.pdf,891.1 KB,https://microdata.statistics.gov.rw/index.php/catalog/39/download/227
39,Questionnaires,Questionnaire Part C: Community,rwa_eicv_2005_questionnaire_communautaire.pdf,70.83 KB,https://microdata.statistics.gov.rw/index.php/catalog/39/download/228
39,Reports,Final Data Processing Report,final_data_processing.pdf,139.39 KB,https://microdata.statistics.gov.rw/index.php/catalog/39/download/212
39,Reports,Preliminary Poverty Update Report,Master Report.pdf,442.92 KB,https://microdata.statistics.gov.rw/index.php/catalog/39/download/221
39,Reports,OPM Survey Assessment-February,EICV2 review mission report.pdf,176.3 KB,https://microdata.statistics.gov.rw/index.php/catalog/39/download/226
39,Technical documents,Recommendations on Sample Design and Estimation Methodology for the Rwanda Enquête Intégrale sur les Conditions de Vie des Ménages 2005,Samples Megill Mission 1.pdf,202.65 KB,https://microdata.statistics.gov.rw/index.php/catalog/39/download/215
39,Technical documents,Computation of household weights,EICV2_Ponderation_Final.xls,347.5 KB,https://microdata.statistics.gov.rw/index.php/catalog/39/download/216
39,Technical documents,Selected Confidence Intervals,Annex_conf_int_test_hypothesis.pdf,251.06 KB,https://microdata.statistics.gov.rw/index.php/catalog/39/download/217
39,Other materials,EICV-2005 Data Entry Applications,data_entry_apps.zip,340.65 KB,https://microdata.statistics.gov.rw/index.php/catalog/39/download/209
39,Other materials,Data Entry Manual and Instruction,fr_entry.pdf,161.34 KB,https://microdata.statistics.gov.rw/index.php/catalog/39/download/210
39,Other materials,Data Entry Supervisor's Manual,fr_superv.pdf,301.28 KB,https://microdata.statistics.gov.rw/index.php/catalog/39/download/211
39,Other materials,SPSS Synthax of EICV2,,,
39,Other materials,EICV-2005 Methodological Report for Poverty Line Construction,rwanda_poverty_analysis_methodological_note_first_draft.pdf,173.23 KB,https://microdata.statistics.gov.rw/index.php/catalog/39/download/220
39,Other materials,Labour Analytical files,EICV1 JobStatus_Subsistence1.zip,3.31 MB,https://microdata.statistics.gov.rw/index.php/catalog/39/download/222
39,Other materials,Social Sector Study on EICV 2,eicv social sector analysis.zip,9.41 MB,https://microdata.statistics.gov.rw/index.php/catalog/39/download/223
39,Other materials,Poverty Analysis,,,
39,Other materials,Price Deflators,,,
39,Other materials,"Mission to Kigali, Rwanda: September 9-21",JM_Rwa1.pdf,6.45 MB,https://microdata.statistics.gov.rw/index.php/catalog/39/download/229
39,Other materials,EICV 2005 Survey and Microdata Documentation,MMT_Survey_report.pdf,2.54 MB,https://microdata.statistics.gov.rw/index.php/catalog/39/download/230
39,Other materials,Map of selected EAs,ZDEICVII.emf,1.47 MB,https://microdata.statistics.gov.rw/index.php/catalog/39/download/231
36,Questionnaires,EICV III English Questionnaire,EICV3 Questionnaire English.zip,3.02 MB,https://microdata.statistics.gov.rw/index.php/catalog/36/download/202
36,Questionnaires,EICV3 Kinyarwanda questionnaire,EICV3 Questionnaire Kinyarwanda.zip,548.87 KB,https://microdata.statistics.gov.rw/index.php/catalog/36/download/203
36,Reports,The Third Integrated Household Living Conditions Survey (EICV3) Main Indicators Report,EICV3 Main Report.pdf,6.91 MB,https://microdata.statistics.gov.rw/index.php/catalog/36/download/204
36,Reports,EICV3 Poverty report,EICV3 Poverty Report.pdf,5.27 MB,https://microdata.statistics.gov.rw/index.php/catalog/36/download/205
36,Reports,EICV3 Thematic Reports,EICV3 Thematic Reports.zip,10.81 MB,https://microdata.statistics.gov.rw/index.php/catalog/36/download/206
74,Questionnaires,EICV4(2013-2014)Questionnaire(English),q-eicv-2013-2014-qustionnaire-eng.doc,1.96 MB,https://microdata.statistics.gov.rw/index.php/catalog/74/download/704
74,Questionnaires,Urutonde rw'Ibibazwa ( Igice cya Mbere),q-eicv-2013-2014-questionnaire-part-A-kiny.doc,1 MB,https://microdata.statistics.gov.rw/index.php/catalog/74/download/705
74,Questionnaires,Urutonde rw'Ibibazwa (Igice cya Kabiri),q-eicv-2013-2014-questionnaire-part-B-kiny.doc,1.58 MB,https://microdata.statistics.gov.rw/index.php/catalog/74/download/706
74,Reports,EICV4(2013-2014) Poverty Trend Analysis Report,eicv-2013-2014-poverty-trend-analysis-report.pdf,4.62 MB,https://microdata.statistics.gov.rw/index.php/catalog/74/download/703
74,Technical documents,Ifishi y'Urutonde rw'Ingo Zatoranijwe,eicv-2013-2014-selecting forms.doc,99 KB,https://microdata.statistics.gov.rw/index.php/catalog/74/download/707
74,Technical documents,Ifishi ifasha gufata umwanzuro wo gushakisha abimutse,eicv-2013-2014-panel-forms- _ PLS2 -PLS3 and PLS4.doc,220 KB,https://microdata.statistics.gov.rw/index.php/catalog/74/download/708
74,Technical documents,Panel Tracking and Household Listing and Samlpling instruction Manual,eicv-2013-2014-listing-manual.doc,3.01 MB,https://microdata.statistics.gov.rw/index.php/catalog/74/download/709
74,Technical documents,Ifishi y'Urutonde rw'Amazu n'Ingo,eicv-2013-2014-listing-forms.doc,96.5 KB,https://microdata.statistics.gov.rw/index.php/catalog/74/download/710
74,Technical documents,Ifishi y'Urutonde rw'Ingo Zibarurwa muri Panel,eicv-2013-2014-hh-sample-in-Panel-cluster.doc,58 KB,https://microdata.statistics.gov.rw/index.php/catalog/74/download/711
74,Technical documents,Raporo y'Umugenzuzi w'Ibarura,eicv-2013-2014-controller-report-form.doc,94 KB,https://microdata.statistics.gov.rw/index.php/catalog/74/download/712
74,Technical documents,Igitabo cy'Amabwiriza y'Umukarani w'Ibarura,eicv-2013-2014-enumerator-manual.doc,1.54 MB,https://microdata.statistics.gov.rw/index.php/catalog/74/download/713
74,Technical documents,Igitabo cy'Amabwiriza y'Umugenzuzi w'Ibarura,eicv-2013-2014-controller-manual.doc,346 KB,https://microdata.statistics.gov.rw/index.php/catalog/74/download/714
46,Questionnaires,Census 1978 Questionnaire,RWA_1978_PHC_Questionnaire_FR.pdf,493.55 KB,https://microdata.statistics.gov.rw/index.php/catalog/46/download/236
44,Questionnaires,1991 Census Questionnaires,questionnaires.zip,2.19 MB,https://microdata.statistics.gov.rw/index.php/catalog/44/download/237
44,Technical documents,1991 Census Technical Documents,technical notes.zip,4.49 MB,https://microdata.statistics.gov.rw/index.php/catalog/44/download/238
98,Questionnaires,Household Questionnaire,DHS7-Household-QRE-EN.pdf,524.13 KB,https://microdata.statistics.gov.rw/index.php/catalog/98/download/889
98,Questionnaires,Man's Questionnaire,DHS7-Mans-QRE-EN-Rwanda.pdf,624.14 KB,https://microdata.statistics.gov.rw/index.php/catalog/98/download/890
98,Questionnaires,Women's Questionnaire,DHS7-Womans-QRE-EN-Rwanda (1).pdf,1.45 MB,https://microdata.statistics.gov.rw/index.php/catalog/98/download/891
98,Questionnaires,Biomarker Venous Blood,RDHS_Biomarker_QRE (venous blood) 5 11 2019 (1).pdf,1.76 MB,https://microdata.statistics.gov.rw/index.php/catalog/98/download/892
98,Questionnaires,Biomarker Capillary Blood,RDHS_Biomarker_QRE_EN (capillary blood) 23 10 2019 (1).pdf,2.72 MB,https://microdata.statistics.gov.rw/index.php/catalog/98/download/893
98,Reports,Report of Rwanda Demographic and Health Survey (RDHS 2019-2020,Report of Rwanda Demographic and Health Survey (RDHS 2019-2020).pdf,13.86 MB,https://microdata.statistics.gov.rw/index.php/catalog/98/download/895
126,Questionnaires,BIOMARKER Questionnaire,RDHS2025_BIOMARKER QRE.pdf,989.52 KB,https://microdata.statistics.gov.rw/index.php/catalog/126/download/1128
126,Questionnaires,Household Questionnaire,RDHS2025_Household_QRE.pdf,536.6 KB,https://microdata.statistics.gov.rw/index.php/catalog/126/download/1129
126,Questionnaires,Man's Questionnaire,RDHS2025_Mans_QRE.pdf,839.86 KB,https://microdata.statistics.gov.rw/index.php/catalog/126/download/1130
126,Questionnaires,REMEASUREMENT Questionnaire,RDHS2025_REMEASUREMENT_QRE.pdf,112.54 KB,https://microdata.statistics.gov.rw/index.php/catalog/126/download/1131
126,Questionnaires,Women's Questionnaire,RDHS2025_Womans_QRE.pdf,1.91 MB,https://microdata.statistics.gov.rw/index.php/catalog/126/download/1132
126,Reports,Final Report of RDHS 2025,2025 Final Report.pdf,13.3 MB,https://microdata.statistics.gov.rw/index.php/catalog/126/download/1133
62,Questionnaires,Rwanda Establishment Census Questionnaire,q-rec-2011-eng.pdf,304.52 KB,https://microdata.statistics.gov.rw/index.php/catalog/62/download/368
62,Questionnaires,Ibarura ry'Imirimo n'aho Ikorerwa,q-rec-2011-kiny.pdf,383.48 KB,https://microdata.statistics.gov.rw/index.php/catalog/62/download/369
62,Reports,Rwanda Establishment Census,rec-2011-final-report.pdf,2.15 MB,https://microdata.statistics.gov.rw/index.php/catalog/62/download/365
62,Technical documents,Igitabo Gikubiyemo Amabwiriza Agenga Ibarura ry'Imirimo n'aho Ikorerwa,rec-2011-instruction-manual-kin.pdf,1.17 MB,https://microdata.statistics.gov.rw/index.php/catalog/62/download/366
62,Technical documents,Ifishi Ikoreshwa mu Kubara Ibigo,rec-2011-listing-form.pdf,115.88 KB,https://microdata.statistics.gov.rw/index.php/catalog/62/download/370
62,Technical documents,Ifishi yuzuzwa n'Umuyobozi ku Rwego rw'Akarere,rec-2011-district-weekly-progress-report-form.pdf,246.31 KB,https://microdata.statistics.gov.rw/index.php/catalog/62/download/371
62,Technical documents,Ifishi Yuzurwa n'Umuyobowi ku Rwego rw'Intara/Umujyi wa Kigali,rec-2011-provincial-weekly-progress-report-form.pdf,241.16 KB,https://microdata.statistics.gov.rw/index.php/catalog/62/download/372
62,Other materials,Urutonde Mpuzamahanga rw'Amashami y'Umurimo,rec-2011-isic-4-codes.pdf,378.38 KB,https://microdata.statistics.gov.rw/index.php/catalog/62/download/367
67,Questionnaires,Rwanda Establishment Census Questionnaire,q-rec-2014-eng.pdf,705.99 KB,https://microdata.statistics.gov.rw/index.php/catalog/67/download/566
67,Questionnaires,"Urutonde rw'Ibibazo: Ibarura ry’ Imirimo n’Aho Ikorewa, 2014",q-rec-2014-kin.pdf,498.02 KB,https://microdata.statistics.gov.rw/index.php/catalog/67/download/567
67,Reports,2014 Establishment Census Final Report,rec-2014-final-report-v1.pdf,6.81 MB,https://microdata.statistics.gov.rw/index.php/catalog/67/download/576
67,Technical documents,Establishment Activities Plan,rec-2014-activities-plan.pdf,317.16 KB,https://microdata.statistics.gov.rw/index.php/catalog/67/download/562
67,Technical documents,Ifishi Ikoreshwa Mu Kubarura Ibigo,rec-2014-listing-form.pdf,628.15 KB,https://microdata.statistics.gov.rw/index.php/catalog/67/download/563
67,Technical documents,Igitabo Gikubiyemo Amabwiriza Agenga Ibarura ry'Ibigo n'Imirimo Ikorerwamo,rec-2014-instruction-manual-kin.pdf,1.6 MB,https://microdata.statistics.gov.rw/index.php/catalog/67/download/564
67,Technical documents,Project Document,rec-2014-project-document.pdf,234.3 KB,https://microdata.statistics.gov.rw/index.php/catalog/67/download/565
67,Technical documents,Raporo y'Umuyobozi ku Rwego rw'Intara,rec-2014-provincial-weekly-progress-report-form.pdf,503.08 KB,https://microdata.statistics.gov.rw/index.php/catalog/67/download/568
67,Technical documents,Raporo ya buri Cyumweru y'Umuyobozi ku Rwego rw' Akarere,rec-2014-district-weekly-progress-report-form.pdf,507.35 KB,https://microdata.statistics.gov.rw/index.php/catalog/67/download/569
67,Technical documents,Raporo y'Umuyobozi ku rwego rwa Zone,rec-2014-zone-weekly-progress-report-form.pdf,506.89 KB,https://microdata.statistics.gov.rw/index.php/catalog/67/download/570
67,Technical documents,Raporo ya buri Cyumweru y'Umukarani w'Ibarura,rec-2014-enumerator-weekly-progress-report-form.pdf,508.29 KB,https://microdata.statistics.gov.rw/index.php/catalog/67/download/571
67,Technical documents,Raporo ya buri munsi y'Umukarani w'Ibarura,rec-2014-enumerator-daily-progress-report-form.pdf,348.67 KB,https://microdata.statistics.gov.rw/index.php/catalog/67/download/572
67,Technical documents,Enumerator Contract for the Establishment Census 2014,rec-2014-enumerator-contract.pdf,204.74 KB,https://microdata.statistics.gov.rw/index.php/catalog/67/download/574
67,Technical documents,Support Staff Contract for the Establishment Census 2014,rec-2014-support-staff-contract.pdf,209.83 KB,https://microdata.statistics.gov.rw/index.php/catalog/67/download/575
67,Other materials,Team Leader Contract for Establishment Census,rec-2014-team-leader-contract.pdf,210.1 KB,https://microdata.statistics.gov.rw/index.php/catalog/67/download/573
87,Questionnaires,Establishment Census Questionnaire 2017 (English),q-rwa-nisr-ec-2017-eng.docx,375.04 KB,https://microdata.statistics.gov.rw/index.php/catalog/87/download/813
87,Questionnaires,Establishment Census 2017 Questionnaire(Kinyarwanda),q-rwa-nisr-ec-2017-Kiny.docx,369.56 KB,https://microdata.statistics.gov.rw/index.php/catalog/87/download/814
87,Reports,Rwanda Establishment Census Report 2017,rwa-nisr-ec-2017-report-eng.pdf,7.73 MB,https://microdata.statistics.gov.rw/index.php/catalog/87/download/812
87,Technical documents,LISTING FORM,rwa-nisr-ec-2017-listing.docx,189.89 KB,https://microdata.statistics.gov.rw/index.php/catalog/87/download/815
94,Questionnaires,Establishment Census 2020 Questionnaire_Kinyarwanda.,Establishment Census 2020 Questionnaire_Kinyarwanda.pdf,421.9 KB,https://microdata.statistics.gov.rw/index.php/catalog/94/download/870
94,Questionnaires,Establishment Census 2020 Questionnaire in English,Establishment Census 2020 Questionnaire in English.pdf,424.3 KB,https://microdata.statistics.gov.rw/index.php/catalog/94/download/871
94,Reports,2020 Establishment Census Final Report,2020 Establishment Census Final Report.pdf,6.25 MB,https://microdata.statistics.gov.rw/index.php/catalog/94/download/872
112,Questionnaires,Establishment Census 2023 Questionnaire_Kinyarwanda,Establishment Census 2023 Questionnaire_Kinyarwanda_version.pdf,349.21 KB,https://microdata.statistics.gov.rw/index.php/catalog/112/download/1043
112,Questionnaires,Establishment Census 2023 Questionnaire in English,Establishment Census 2023 Questionnaire_English_version.pdf,284.16 KB,https://microdata.statistics.gov.rw/index.php/catalog/112/download/1044
112,Reports,"Establishment Census Report, 2023",https://statistics.gov.rw/publication/2148,,https://statistics.gov.rw/publication/2148
89,Questionnaires,FinScope Rwanda 2020 English Questionnaire,Q-rfs-2020-Eng.pdf,1.22 MB,https://microdata.statistics.gov.rw/index.php/catalog/89/download/834
89,Questionnaires,FinScope Rwanda 2020_Kinyarwanda Questionnaire,Q-rfs-2020-kiny.pdf,1.6 MB,https://microdata.statistics.gov.rw/index.php/catalog/89/download/835
89,Reports,Brief Report of FinScope 2020,brief-report-rfs-2020-eng-v1.pdf,4.38 MB,https://microdata.statistics.gov.rw/index.php/catalog/89/download/831
89,Reports,Main Report of FinScope 2020,final-report-rfs-2020-eng-v1.pdf,15.16 MB,https://microdata.statistics.gov.rw/index.php/catalog/89/download/832
89,Technical documents,Detailed Methodology,Methods-rfs-2020-eng.pdf,1.74 MB,https://microdata.statistics.gov.rw/index.php/catalog/89/download/833
57,Questionnaires,FinScope rwanda 2012 Questionnaire,q-rfs-2012-questionnaire-eng.pdf,953.21 KB,https://microdata.statistics.gov.rw/index.php/catalog/57/download/320
57,Reports,Rwanda FinScope 2012,rfs-2012-final-Report.pdf,867.32 KB,https://microdata.statistics.gov.rw/index.php/catalog/57/download/323
57,Reports,FinScope 2012 Technical Report,rfs-2013-technical-report.pdf,1.97 MB,https://microdata.statistics.gov.rw/index.php/catalog/57/download/324
57,Technical documents,Sample Design and estimation Procedures,fs-2012-sampling-and-methodology.pdf,1.27 MB,https://microdata.statistics.gov.rw/index.php/catalog/57/download/321
57,Other materials,FinScope Rwanda 2012 Stakeholders Workshop,rfs-2012-presentation-stakeholders-workshop.pdf,2.01 MB,https://microdata.statistics.gov.rw/index.php/catalog/57/download/322
57,Other materials,FinScope Rwanda 2008,rfs-2008-key-findings.pdf,687.15 KB,https://microdata.statistics.gov.rw/index.php/catalog/57/download/325
71,Questionnaires,Household Questionanaire,q-finscope-2015-questionnaire-eng.docx,368.49 KB,https://microdata.statistics.gov.rw/index.php/catalog/71/download/637
71,Questionnaires,Urutonde rw'Ibibazwa,q-finscope-2015-questionnaire-kiny.docx,386.04 KB,https://microdata.statistics.gov.rw/index.php/catalog/71/download/638
71,Reports,FinScope Rwanda 2016 Final Report,finscope-2016-final-report-eng.pdf,1.54 MB,https://microdata.statistics.gov.rw/index.php/catalog/71/download/635
71,Technical documents,Detailed Methodology for FinScope Rwanda 2016,finscope-2016-detailed-methodology-eng.docx,304.67 KB,https://microdata.statistics.gov.rw/index.php/catalog/71/download/636
13,Questionnaires,Questionnaire-DHS 2008,Questionnaire_DHS 2008.pdf,328.32 KB,https://microdata.statistics.gov.rw/index.php/catalog/13/download/55
13,Reports,Rwanda Interim Demographic and Health Survey 2007-2008,DHS_Interim Report_2007.pdf,1.83 MB,https://microdata.statistics.gov.rw/index.php/catalog/13/download/54
81,Questionnaires,Labor Force Survey Questionnaire,q-lfs-2017-eng.xls,435 KB,https://microdata.statistics.gov.rw/index.php/catalog/81/download/784
81,Reports,Rwanda Labor Force Survey report-August 2017,rwa-nisr-lfs-August 2017-report.pdf,29.3 MB,https://microdata.statistics.gov.rw/index.php/catalog/81/download/782
81,Reports,labor Force Survey report-February 2017,rwa-nisr-lfs-Feb -2017-report.pdf,6.04 MB,https://microdata.statistics.gov.rw/index.php/catalog/81/download/785
81,Technical documents,Interview manual,rwa-nisr-lfs-interviewer-manual-Aug 2017.doc,1.01 MB,https://microdata.statistics.gov.rw/index.php/catalog/81/download/787
100,Questionnaires,Questionnaire,RLFS QUESTIONNAIRE_ English _quartely_final.xls,343.5 KB,https://microdata.statistics.gov.rw/index.php/catalog/100/download/903
100,Reports,LFS annual report 2021,RLFS_ANNUAL REPORT_2021.pdf,7.34 MB,https://microdata.statistics.gov.rw/index.php/catalog/100/download/902
100,Technical documents,Methodology,Methodology and data Quality.pdf,1.3 MB,https://microdata.statistics.gov.rw/index.php/catalog/100/download/904
104,Questionnaires,RLFS QUESTIONNAIRE,RLFS QUESTIONNAIRE.xls,282.5 KB,https://microdata.statistics.gov.rw/index.php/catalog/104/download/929
104,Reports,RLFS Annual Final report_2022,RLFS Annual Final report_2022.pdf,6.85 MB,https://microdata.statistics.gov.rw/index.php/catalog/104/download/927
104,Technical documents,Variables_description,Variables_description_RW_LFS2022.xlsx,15.06 KB,https://microdata.statistics.gov.rw/index.php/catalog/104/download/1033
110,Questionnaires,lfs_questionnaire,RLFS QUESTIONNAIRE.xls,331.5 KB,https://microdata.statistics.gov.rw/index.php/catalog/110/download/1036
110,Other materials,Labour Force Survey Annual Report 2023,https://www.statistics.gov.rw/publication/2119,,https://www.statistics.gov.rw/publication/2119
114,Questionnaires,RWLFS-Questionnaire_English,RWLFS-Questionnaire_English_web.pdf,1.15 MB,https://microdata.statistics.gov.rw/index.php/catalog/114/download/1055
114,Other materials,Labour Force Survey report 2024,https://www.statistics.gov.rw/publication/labour-force-survey-2024,,https://www.statistics.gov.rw/publication/labour-force-survey-2024
125,Questionnaires,Questionnaire for RLFS,RWLFS-Questionnaire_English.pdf,1.01 MB,https://microdata.statistics.gov.rw/index.php/catalog/125/download/1119
125,Reports,Annual Report for RLFS,Annual LFS 2025 Report..pdf,2.53 MB,https://microdata.statistics.gov.rw/index.php/catalog/125/download/1118
83,Questionnaires,Labour Force Survey Questionnaire 2018,q-rwa-nisr-lfs-2018-eng.pdf,899.91 KB,https://microdata.statistics.gov.rw/index.php/catalog/83/download/797
83,Reports,Rwanda Labour Force Survey 2018,rwa-nisr-lfs-2018-final-report-eng.pdf,13.25 MB,https://microdata.statistics.gov.rw/index.php/catalog/83/download/796
92,Questionnaires,LFS Questionnaire,RLFS QUESTIONNAIRE_ English.pdf,883.3 KB,https://microdata.statistics.gov.rw/index.php/catalog/92/download/859
92,Reports,Report of Rwanda Labour Force Survey 2019,RLFS Annual Final report_2019 (1).pdf,7.42 MB,https://microdata.statistics.gov.rw/index.php/catalog/92/download/862
92,Technical documents,Igitabo gikubiyemo amabwiriza agenga ibarura ry'abakora n'abashomeri mu rwanda (RLFS),Interviewer manual in Kinya_2019- final.pdf,1.91 MB,https://microdata.statistics.gov.rw/index.php/catalog/92/download/860
97,Questionnaires,RLFS QUESTIONNAIRE,RLFS QUESTIONNAIRE_ English.pdf,883.3 KB,https://microdata.statistics.gov.rw/index.php/catalog/97/download/882
97,Reports,Labour Force Survey Annual Report 2020,Labour Force Survey Annual Report 2020.pdf,5.19 MB,https://microdata.statistics.gov.rw/index.php/catalog/97/download/880
97,Technical documents,Interviewer manual in Kinya_2020- final,Interviewer manual in Kinya_2020- final.pdf,1.91 MB,https://microdata.statistics.gov.rw/index.php/catalog/97/download/879
21,Questionnaires,National Child Labour Survey Questionnaire,Revised Questionnaire Combined English.pdf,462.17 KB,https://microdata.statistics.gov.rw/index.php/catalog/21/download/86
21,Reports,Rwanda National Child Labour Survey -2008 (RNCLS-2008),Rwanda_child_labour_report_english_NISR.pdf,2.01 MB,https://microdata.statistics.gov.rw/index.php/catalog/21/download/85
21,Technical documents,Codes District-Sectors,Code_District_Secteurs.pdf,22.89 KB,https://microdata.statistics.gov.rw/index.php/catalog/21/download/88
21,Other materials,Tabulation Plan for the Child Labour Survey 2007-2008,Final tabulation plan child labour.pdf,329.77 KB,https://microdata.statistics.gov.rw/index.php/catalog/21/download/87
48,Questionnaires,Rwanda National Manpower Survey: Education module,q-rnms-2011-2012-education institutions.pdf,851.13 KB,https://microdata.statistics.gov.rw/index.php/catalog/48/download/271
48,Questionnaires,Rwanda National Manpower Survey: Employees module (formal),q-rnms-2011-2012-employees-formal.pdf,539.31 KB,https://microdata.statistics.gov.rw/index.php/catalog/48/download/272
48,Questionnaires,Rwanda National Manpower Survey: Employees (informal),q-rnms-2011-2012-employees-informal.pdf,542.18 KB,https://microdata.statistics.gov.rw/index.php/catalog/48/download/273
48,Questionnaires,Rwanda National Manpower Survey: Employer module (formal),q-rnms-2011-2012-employer-formal.pdf,1.18 MB,https://microdata.statistics.gov.rw/index.php/catalog/48/download/274
48,Questionnaires,Rwanda National Manpower Survey: Employers module (informal),q-rnms-2011-2012-employer-informal.pdf,779.73 KB,https://microdata.statistics.gov.rw/index.php/catalog/48/download/275
48,Questionnaires,National Manpower Survey Report: Volume 1,rnms-2011-2012-final-report-volume-1.pdf,11.03 MB,https://microdata.statistics.gov.rw/index.php/catalog/48/download/277
48,Questionnaires,National Manpower Survey Report: Volume 1,rnms-2011-2012-final-report-volume-2.pdf,9.67 MB,https://microdata.statistics.gov.rw/index.php/catalog/48/download/278
48,Reports,Rwanda National Manpower Survey 2011-2012 Study Documentation,rnms-2011-2012-metadata-report.pdf,9.62 MB,https://microdata.statistics.gov.rw/index.php/catalog/48/download/281
48,Technical documents,Manpower Survey 2011 coding manual,rnms-2011-2012-coding-manual.pdf,1.78 MB,https://microdata.statistics.gov.rw/index.php/catalog/48/download/276
65,Questionnaires,Census questionnaire (institutional household),q-rphc-2012-institution-eng-20120222.pdf,657.42 KB,https://microdata.statistics.gov.rw/index.php/catalog/65/download/504
65,Questionnaires,Urutonde rw'ibibazwa mu ibarura rusange (ikigo gituwe),q-rphc-2012-institution-kiny-20120314.pdf,723.11 KB,https://microdata.statistics.gov.rw/index.php/catalog/65/download/505
65,Questionnaires,Census questionnaire (private household),q-rphc-2012-hh-eng-20120221.pdf,1.23 MB,https://microdata.statistics.gov.rw/index.php/catalog/65/download/506
65,Questionnaires,Urutonde rw'ibibazwa mu ibarura rusange (urugo rusanzwe),q-rphc-2012-hh-kiny-20120221.pdf,4.58 MB,https://microdata.statistics.gov.rw/index.php/catalog/65/download/507
65,Reports,Fourth Population and Housing Census: Provisional results,rphc-2012-provisional-results.pdf,4.81 MB,https://microdata.statistics.gov.rw/index.php/catalog/65/download/508
65,Reports,Fourth Population and Housing Census: Main Indicators Report (Final Results),rphc-2012-main-indicators-report.pdf,8.59 MB,https://microdata.statistics.gov.rw/index.php/catalog/65/download/509
65,Reports,Fourth Population and Housing Census: Population Projections,rphc-2012-Population-Projections.pdf,8.15 MB,https://microdata.statistics.gov.rw/index.php/catalog/65/download/510
65,Reports,Fourth Population and Housing Census: Data Quality Assessment,rphc-2012-data-quality-assessment.pdf,5.13 MB,https://microdata.statistics.gov.rw/index.php/catalog/65/download/511
65,Reports,Fourth Population and Hosuing Census: Publication Tables,rphc-2012-publication-tables.pdf,2.07 MB,https://microdata.statistics.gov.rw/index.php/catalog/65/download/512
65,Reports,Fourth Rwanda Population and Housing Census Atlas,rphc-2012- atlas.pdf,27.79 MB,https://microdata.statistics.gov.rw/index.php/catalog/65/download/513
65,Reports,Post Enumeration Survey,rphc-2012-post-enumeration-survey.pdf,3.08 MB,https://microdata.statistics.gov.rw/index.php/catalog/65/download/514
65,Reports,2012 Population and Housing Census Brochure,rphc-2012-bronchure.pdf,1.63 MB,https://microdata.statistics.gov.rw/index.php/catalog/65/download/515
65,Reports,"Population Size, Structure and Distribution",rphc-2012- population-size.pdf,6.1 MB,https://microdata.statistics.gov.rw/index.php/catalog/65/download/516
65,Reports,Socio-economic Characteristics of Persons with Disability,rphc-2012-disability.pdf,6.1 MB,https://microdata.statistics.gov.rw/index.php/catalog/65/download/517
65,Reports,Educational Characteristics of the Population,rphc-2012-education.pdf,8.76 MB,https://microdata.statistics.gov.rw/index.php/catalog/65/download/518
65,Reports,Socio-economic Status of Elderly People,rphc-2012-Elderly.pdf,8.18 MB,https://microdata.statistics.gov.rw/index.php/catalog/65/download/519
65,Reports,Fertility,rphc-2012-fertility.pdf,4.67 MB,https://microdata.statistics.gov.rw/index.php/catalog/65/download/520
65,Reports,Gender,rphc-2012-gender.pdf,5.87 MB,https://microdata.statistics.gov.rw/index.php/catalog/65/download/521
65,Reports,Characteristics of Households and Housing,rphc-2012-household-and-housing.pdf,11.85 MB,https://microdata.statistics.gov.rw/index.php/catalog/65/download/522
65,Reports,Labour Force Participation,rphc-2012-labour-force.pdf,7.68 MB,https://microdata.statistics.gov.rw/index.php/catalog/65/download/523
65,Reports,Marital Status and Nuptiality,rphc-2012-marital-status-and-nuptiality.pdf,5.69 MB,https://microdata.statistics.gov.rw/index.php/catalog/65/download/524
65,Reports,Measurement and Mapping of Non-Monetary Poverty,rphc-2012-measurement-and-mapping-of-non-monetary-poverty.pdf,6.36 MB,https://microdata.statistics.gov.rw/index.php/catalog/65/download/525
65,Reports,Migration and Spatial Mobility,rphc-2012-migration.pdf,8.38 MB,https://microdata.statistics.gov.rw/index.php/catalog/65/download/526
65,Reports,Mortality,rphc-2012-mortality.pdf,4.51 MB,https://microdata.statistics.gov.rw/index.php/catalog/65/download/527
65,Reports,Socio-economic Status of Children,rphc-2012-socio-economic-status-of-children.pdf,6.72 MB,https://microdata.statistics.gov.rw/index.php/catalog/65/download/528
65,Reports,Socio-economic Status of Youth,rphc-2012-socio-economic-status-of-youth.pdf,8.67 MB,https://microdata.statistics.gov.rw/index.php/catalog/65/download/529
65,Reports,Socio-cultural Characteristics of the Population,rphc-2012-socio-cultural-characteristics-of-the-population.pdf,5.61 MB,https://microdata.statistics.gov.rw/index.php/catalog/65/download/530
65,Technical documents,Population and Housing Census Coding Manual,rhpc-2012-coding manual-20120410.pdf,726.72 KB,https://microdata.statistics.gov.rw/index.php/catalog/65/download/501
65,Technical documents,ISCO Codes,rhpc-2012-isco-codes.xls,222.5 KB,https://microdata.statistics.gov.rw/index.php/catalog/65/download/502
65,Technical documents,"International Standard Industrial Classification of All Economic Activities (ISIC), Revision 4",rphc-2012-isic-kiny.pdf,185.1 KB,https://microdata.statistics.gov.rw/index.php/catalog/65/download/503
65,Technical documents,Rwanda PHC4 2012 - Edit Specifications,rhpc-2012-edit-specs-20120405.pdf,119.96 KB,https://microdata.statistics.gov.rw/index.php/catalog/65/download/531
65,Technical documents,Agatabo k’amabwiriza y’umukarani w’ibarura,rphc-2012-003-enumerators-manual-kiny.pdf,8.14 MB,https://microdata.statistics.gov.rw/index.php/catalog/65/download/533
65,Technical documents,Team supervisor’s manual,rphc-2012-004-supervisors-manual-eng.pdf,318.2 KB,https://microdata.statistics.gov.rw/index.php/catalog/65/download/534
65,Technical documents,Agatabo k’amabwiriza y’umugenzuzi w’udupande tw’ibarura,rphc-2012-004-supervisors-manual-kiny.pdf,617.65 KB,https://microdata.statistics.gov.rw/index.php/catalog/65/download/535
65,Technical documents,Agatabo k’ amabwiriza y’umugenzuzi w’umurenge,rphc-2012-006-sector-controllers-manual-kiny.pdf,287.3 KB,https://microdata.statistics.gov.rw/index.php/catalog/65/download/536
65,Technical documents,Agatabo k’ amabwiriza y’umugenzuzi w’agace k’igenzura,rphc-2012-007-zone-supervisors-manual-kiny.pdf,291.17 KB,https://microdata.statistics.gov.rw/index.php/catalog/65/download/537
65,Technical documents,Agatabo k’amabwiriza y’umugenzuzi w’akarere,rphc-2012-008-district-coordinators-manual-kiny.pdf,291.89 KB,https://microdata.statistics.gov.rw/index.php/catalog/65/download/538
65,Technical documents,Agatabo k’ amabwiriza agenewe umuhuzabikorwa w’ibarura rusange ku rwego rw’intara,rphc-2012-009-province-coordinators-manual-kiny.pdf,289.49 KB,https://microdata.statistics.gov.rw/index.php/catalog/65/download/539
65,Technical documents,Data entry user manual,rphc-2012-data-entry-manual-eng.pdf,575.75 KB,https://microdata.statistics.gov.rw/index.php/catalog/65/download/540
65,Technical documents,description of 10% public use sample data file,rphc-2012-description-of-the-public use sample-10% -data-file.pdf,112.44 KB,https://microdata.statistics.gov.rw/index.php/catalog/65/download/557
65,Other materials,Audio for the Training (MP3),https://soundcloud.com/statistics-rwanda/rphc-2012-audio-for-training,,https://soundcloud.com/statistics-rwanda/rphc-2012-audio-for-training
65,Other materials,[Call back visit letter],rphc-2012-call-back-revisit.pdf,112.27 KB,https://microdata.statistics.gov.rw/index.php/catalog/65/download/532
65,Other materials,Census Campaign Billboards,rphc-2012-census-campaign-billboards.pdf,3.84 MB,https://microdata.statistics.gov.rw/index.php/catalog/65/download/541
65,Other materials,Census Campaign Banner,rphc-2012-census-campaign-banner.pdf,285.94 KB,https://microdata.statistics.gov.rw/index.php/catalog/65/download/542
65,Other materials,Census Campaign Poster,rphc-2012-census-campaign- posters.pdf,3.94 MB,https://microdata.statistics.gov.rw/index.php/catalog/65/download/543
65,Other materials,2012 Population and Housing Census Monitoring: Census Command and Control Centre (VIDEO),https://www.youtube.com/watch?v=o9Fk6JLKIAs,,https://www.youtube.com/watch?v=o9Fk6JLKIAs
109,Questionnaires,PHC2022_Institutional Questionnaire_English,PHC2022_Institutional Questionnaire_English.pdf,942.39 KB,https://microdata.statistics.gov.rw/index.php/catalog/109/download/1027
109,Questionnaires,PHC2022_Privave HH_Questionnaire_English.,PHC2022_Privave HH_Questionnaire_English.pdf,1.33 MB,https://microdata.statistics.gov.rw/index.php/catalog/109/download/1028
109,Reports,Main Indicator,https://statistics.gov.rw/publication/main_indicators_2022,,https://statistics.gov.rw/publication/main_indicators_2022
109,Reports,Socio-Economic-Status-Refugees Rwanda,https://statistics.gov.rw/publication/socio-economic-status-refugees-rwanda,,https://statistics.gov.rw/publication/socio-economic-status-refugees-rwanda
109,Reports,rphc5-thematic-report-educational-characteristics-population,https://statistics.gov.rw/publication/rphc5-thematic-report-educational-characteristics-population,,https://statistics.gov.rw/publication/rphc5-thematic-report-educational-characteristics-population
109,Reports,RPHC5 Thematic Report: Socio-economic status of Youth,https://statistics.gov.rw/publication/rphc5-thematic-report-socio-economic-status-youth,,https://statistics.gov.rw/publication/rphc5-thematic-report-socio-economic-status-youth
109,Reports,RPHC5 Thematic Report: Data Quality Assessment,https://statistics.gov.rw/publication/1992,,https://statistics.gov.rw/publication/1992
109,Reports,RPHC5 Thematic Report:Socio Economic Status of People with Disabilities,https://statistics.gov.rw/publication/1989,,https://statistics.gov.rw/publication/1989
109,Reports,RPHC5 Thematic Report: Socio-Economic Status of Children,https://statistics.gov.rw/publication/1988,,https://statistics.gov.rw/publication/1988
109,Reports,RPHC5 Thematic Report: Economic activity,https://statistics.gov.rw/publication/rphc5-thematic-report-economic-activity,,https://statistics.gov.rw/publication/rphc5-thematic-report-economic-activity
109,Reports,RPHC5 Thematic Report: Gender,https://statistics.gov.rw/publication/rphc5-thematic-report-gender,,https://statistics.gov.rw/publication/rphc5-thematic-report-gender
109,Reports,RPHC5 Thematic Report: Population Projection,https://statistics.gov.rw/publication/rphc5-thematic-report-population-projection,,https://statistics.gov.rw/publication/rphc5-thematic-report-population-projection
109,Reports,RPHC5 Thematic Report: Social-cultural characteristics,https://statistics.gov.rw/publication/rphc5-thematic-report-social-cultural-characteristics,,https://statistics.gov.rw/publication/rphc5-thematic-report-social-cultural-characteristics
109,Reports,RPHC5 Thematic Report: Socio-Economic Status of Elderly People,https://statistics.gov.rw/publication/rphc5-thematic-report-socio-economic-status-elderly-people,,https://statistics.gov.rw/publication/rphc5-thematic-report-socio-economic-status-elderly-people
109,Reports,RPHC5 Thematic Report: Non Monetary Poverty,https://statistics.gov.rw/publication/1982,,https://statistics.gov.rw/publication/1982
109,Reports,RPHC5 Thematic Report: Agriculture,https://statistics.gov.rw/publication/1981,,https://statistics.gov.rw/publication/1981
109,Reports,RPHC5 Thematic Report: Migration and Spatial Mobility,https://statistics.gov.rw/publication/1980,,https://statistics.gov.rw/publication/1980
109,Reports,RPHC5 Thematic Report: Mortality,https://statistics.gov.rw/publication/1979,,https://statistics.gov.rw/publication/1979
109,Reports,RPHC5 Thematic Report: Fertility,https://statistics.gov.rw/publication/1978,,https://statistics.gov.rw/publication/1978
109,Reports,RPHC5 Thematic Report: Marital status and nuptiality,https://statistics.gov.rw/publication/1977,,https://statistics.gov.rw/publication/1977
109,Reports,RPHC5 Thematic Report: Housing and Households Characteristics,https://statistics.gov.rw/publication/1976,,https://statistics.gov.rw/publication/1976
109,Reports,"RPHC5 Thematic Report:Population size, structure and distribution",https://statistics.gov.rw/publication/1975,,https://statistics.gov.rw/publication/1975
109,Technical documents,Listing_form_English version,Listing_form_English version.pdf,760.2 KB,https://microdata.statistics.gov.rw/index.php/catalog/109/download/1026
109,Technical documents,PHC2022_Instruction_manua,1.PHC2022_Instruction_manual.pdf,2.91 MB,https://microdata.statistics.gov.rw/index.php/catalog/109/download/1030
109,Technical documents,Statement of the Public Use Sample of the 2022 census,Statement of the Public Use Sample of the 2022 census_1.pdf,170.97 KB,https://microdata.statistics.gov.rw/index.php/catalog/109/download/1031
61,Questionnaires,POST ENUMERATION SURVEY QUESTIONNAIRE,PES_Ques_Eng.pdf,676.74 KB,https://microdata.statistics.gov.rw/index.php/catalog/61/download/354
61,Questionnaires,IBARURA GENZURA RYA NYUMA Y’IBARURA RUSANGE RY'ABATURAGE N'IMITURIRE 2012,PES_Ques_Kinya.pdf,620.97 KB,https://microdata.statistics.gov.rw/index.php/catalog/61/download/355
61,Reports,Post Enumeration Sarvey,RPHC4_Post_Enumeration_Survey.pdf,2.68 MB,https://microdata.statistics.gov.rw/index.php/catalog/61/download/362
61,Technical documents,POST ENUMERATION SURVEY,PES_form_Boundary listing_eng.pdf,638 KB,https://microdata.statistics.gov.rw/index.php/catalog/61/download/356
61,Technical documents,GENZURA RYA NYUMA Y’IBARURA RUSANGE,PES_form_Boundary listing_kiny.pdf,605.78 KB,https://microdata.statistics.gov.rw/index.php/catalog/61/download/357
61,Technical documents,POST ENUMERATION SURVEY,PES_form_household listing_kinya.pdf,640.82 KB,https://microdata.statistics.gov.rw/index.php/catalog/61/download/358
61,Technical documents,IBARURA GENZURA RYA NYUMA Y’IBARURA RUSANGE,PES_form_household listing_eng.pdf,564.52 KB,https://microdata.statistics.gov.rw/index.php/catalog/61/download/359
61,Technical documents,IBARURA GENZURA RYA NYUMA Y’IBARURA RUSANGE,PES_form_Road listing _kinya.pdf,716.89 KB,https://microdata.statistics.gov.rw/index.php/catalog/61/download/360
61,Technical documents,POST ENUMERATION SURVEY,PES_from_Road listing_eng.pdf,660.66 KB,https://microdata.statistics.gov.rw/index.php/catalog/61/download/361
61,Technical documents,IBARURA RUSANGE RYA KANE RY’ABATURAGE N’IMITURIRE ISUZUMA RYA NYUMA Y’IBARURA/IBARURAGENZURA,PES_manual_agatabo k'amabwiriza y'umukarani w'ibarura_kinya.pdf,1.63 MB,https://microdata.statistics.gov.rw/index.php/catalog/61/download/363
61,Technical documents,POST ENUMERATION SURVEY,PES_manual_MATCHING_eng.pdf,174.14 KB,https://microdata.statistics.gov.rw/index.php/catalog/61/download/364
93,Questionnaires,Plot Questionnaire-Season 2019,Plot Questionnaire-Season 2019_English.pdf,258.42 KB,https://microdata.statistics.gov.rw/index.php/catalog/93/download/866
93,Questionnaires,Screening Questionnaire-Season 2019,Screening Questionnaire-Season 2019_English.pdf,181.03 KB,https://microdata.statistics.gov.rw/index.php/catalog/93/download/867
93,Reports,SAS 2019_Annual report,SAS 2019_Annual report _published.pdf,3.7 MB,https://microdata.statistics.gov.rw/index.php/catalog/93/download/863
99,Questionnaires,Plot Questionnaire 2020.,Plot Questionnaire 2020.pdf,874.7 KB,https://microdata.statistics.gov.rw/index.php/catalog/99/download/899
99,Questionnaires,Screening Questionnaire 2020,Screening Questionnaire 2020.pdf,637.76 KB,https://microdata.statistics.gov.rw/index.php/catalog/99/download/900
99,Reports,SAS 2020_Annual report,Final_USAS 2020_Annual_Report.pdf,2 MB,https://microdata.statistics.gov.rw/index.php/catalog/99/download/896
102,Questionnaires,Plot_Questionnaire_2021,Plot Questionnaire 2021.pdf,466.3 KB,https://microdata.statistics.gov.rw/index.php/catalog/102/download/916
102,Questionnaires,Screening Questionnaire 2021,Screening questionnaire 2021.pdf,264.57 KB,https://microdata.statistics.gov.rw/index.php/catalog/102/download/917
102,Reports,SAS 2021_Annual Report,SAS 2021_Annual Report.pdf,5.13 MB,https://microdata.statistics.gov.rw/index.php/catalog/102/download/912
103,Questionnaires,SSF screening questionnaire 2022,SSF screening questionnaire 2022.pdf,219.73 KB,https://microdata.statistics.gov.rw/index.php/catalog/103/download/924
103,Questionnaires,Plot Questionnaire 2022,Plot Questionnaire 2022.pdf,357.89 KB,https://microdata.statistics.gov.rw/index.php/catalog/103/download/925
103,Reports,SAS 2022_Annual Report,SAS 2022_Annual Report_Final.pdf,1.76 MB,https://microdata.statistics.gov.rw/index.php/catalog/103/download/918
111,Questionnaires,Plot Questionnaire,Plot Questionnaire-Season 2023 (English ver.).pdf,473.51 KB,https://microdata.statistics.gov.rw/index.php/catalog/111/download/1040
111,Questionnaires,SSF screening questionnaire,SSF screening questionnaire 2023 (English ver.).pdf,268.97 KB,https://microdata.statistics.gov.rw/index.php/catalog/111/download/1041
111,Reports,Annual Report,https://www.statistics.gov.rw/publication/seasonal-agricultural-survey-2023-annual-report,,https://www.statistics.gov.rw/publication/seasonal-agricultural-survey-2023-annual-report
113,Questionnaires,Plot Questionnaire_English_USAS 23 24,Plot Questionnaire_English_USAS 23  24.pdf,515.6 KB,https://microdata.statistics.gov.rw/index.php/catalog/113/download/1052
113,Questionnaires,SSF Screening questionnaire_English-USAS 23 24,SSF Screening questionnaire_English-USAS 23  24.pdf,277.93 KB,https://microdata.statistics.gov.rw/index.php/catalog/113/download/1053
113,Other materials,Annual Report Seasonal Agricultural Survey -2024,https://statistics.gov.rw/publication/seasonal-agricultural-survey-2024-annual-report,,https://statistics.gov.rw/publication/seasonal-agricultural-survey-2024-annual-report
124,Questionnaires,Plot Questionnaire,Plot Questionnaire_SAS 2025 (English ver).pdf,538.06 KB,https://microdata.statistics.gov.rw/index.php/catalog/124/download/1114
124,Questionnaires,Screening Questionnaire,Screening Questionnaire_SAS 2025 (English ver).pdf,293.26 KB,https://microdata.statistics.gov.rw/index.php/catalog/124/download/1115
124,Reports,Annual Report Seasonal Agricultural Survey 2025,https://www.statistics.gov.rw/sites/default/files/documents/2025-12/SAS%202025%20Final%20report.pdf,,https://www.statistics.gov.rw/sites/default/files/documents/2025-12/SAS%202025%20Final%20report.pdf
66,Questionnaires,Screening Questionnaire Season C,q-rsas-2013-screening-season-C- English.pdf,1.3 MB,https://microdata.statistics.gov.rw/index.php/catalog/66/download/549
66,Questionnaires,"Questionnaire: Season A, Phase I",q-rsas-2013-season-A-phase-1- English.pdf,507.7 KB,https://microdata.statistics.gov.rw/index.php/catalog/66/download/550
66,Questionnaires,"Questionnaire: Season A, Phase II",q-rsas-2013-season-A-phase-2- English.pdf,528.75 KB,https://microdata.statistics.gov.rw/index.php/catalog/66/download/551
66,Questionnaires,"Questionnaire: Season B, Phase I",q-rsas-2013-season-B-phase-1- English.pdf,649.18 KB,https://microdata.statistics.gov.rw/index.php/catalog/66/download/552
66,Questionnaires,"Questionnaire: Season B, Phase II",q-rsas-2013-season-B-phase-2- English.pdf,529.03 KB,https://microdata.statistics.gov.rw/index.php/catalog/66/download/553
66,Questionnaires,Questionnaire: Season C,q-rsas-2013-season-C- English.pdf,698.89 KB,https://microdata.statistics.gov.rw/index.php/catalog/66/download/554
66,Reports,Seasonal Agriculture Survey Report 2013,rsas-2013-final-report-version-2.pdf,3.09 MB,https://microdata.statistics.gov.rw/index.php/catalog/66/download/548
78,Questionnaires,Screening Questionnaire_ Big Farmers,q-sas-2014-screening-big-farmers-kiny.pdf,441.8 KB,https://microdata.statistics.gov.rw/index.php/catalog/78/download/758
78,Questionnaires,screening questionnaire_ segments,q-sas-2014-screening-segments-kin.pdf,599.88 KB,https://microdata.statistics.gov.rw/index.php/catalog/78/download/759
78,Questionnaires,Farm Questionnaire,q-sas-2014-farm-questionnaire-kiny.pdf,1.55 MB,https://microdata.statistics.gov.rw/index.php/catalog/78/download/760
78,Reports,Seasonal Agriculture Survey Report 2014,sas-2014-final-report-v1.0.pdf,2.62 MB,https://microdata.statistics.gov.rw/index.php/catalog/78/download/757
77,Questionnaires,Screening Questionnaire_ Big Farmers,q-rsas-2015-screening-big-farm-questionnaire-kin.pdf,514.45 KB,https://microdata.statistics.gov.rw/index.php/catalog/77/download/749
77,Questionnaires,screening questionnaire_ segments,q-rsas-2015-screening-segment-questionnaire-kin.pdf,759.77 KB,https://microdata.statistics.gov.rw/index.php/catalog/77/download/750
77,Questionnaires,Farm Questionnaire,q-rsas-2015-farm-questionnaire-kin.pdf,1.6 MB,https://microdata.statistics.gov.rw/index.php/catalog/77/download/751
77,Reports,Seasonal Agriculture Survey Final Report 2015,rsas-2015-final-report-v1.0.pdf,8.58 MB,https://microdata.statistics.gov.rw/index.php/catalog/77/download/748
77,Reports,Seasons A report,rsas-2015-season-A-report-v1.0.pdf,867.55 KB,https://microdata.statistics.gov.rw/index.php/catalog/77/download/752
77,Reports,Season B report,rsas-2015-season-B-report-v1.0.pdf,340.04 KB,https://microdata.statistics.gov.rw/index.php/catalog/77/download/753
76,Questionnaires,Screening Questionnaire for Big Farmers,q-screening-rsas-2016-big Farmer-Kiny.pdf,126.78 KB,https://microdata.statistics.gov.rw/index.php/catalog/76/download/742
76,Questionnaires,screening questionnaire for segments,q-screening_rsas-2016-segment.pdf,144.94 KB,https://microdata.statistics.gov.rw/index.php/catalog/76/download/743
76,Questionnaires,Farm Questionnaire,q-farm-rsas-2016-kin.pdf,469.19 KB,https://microdata.statistics.gov.rw/index.php/catalog/76/download/744
76,Reports,Seasonal Agriculture Survey Report 2016,rsas-2016-final-report-v1.0.pdf,10.49 MB,https://microdata.statistics.gov.rw/index.php/catalog/76/download/741
88,Questionnaires,Seasonal Agriculture Survey Plot Questionnaire 2017,q-rwa-nisr-sas-2017-plot-eng.docx,144.29 KB,https://microdata.statistics.gov.rw/index.php/catalog/88/download/817
88,Questionnaires,Seasonal Agriculture Survey Screening Questionnaire 2017,q-rwa-nisr-sas-2017-secreening-eng.docx,95.78 KB,https://microdata.statistics.gov.rw/index.php/catalog/88/download/818
88,Reports,Rwanda Seasonal Agriculture Survey Report 2017,rwa-nisr-sas-annual-report-2017-eng.pdf,10.96 MB,https://microdata.statistics.gov.rw/index.php/catalog/88/download/819
86,Questionnaires,Seasonal Agriculture Survey Plot Questionnaire 2018,q-rwa-nisr-sas-2018-plot-eng.docx,151.49 KB,https://microdata.statistics.gov.rw/index.php/catalog/86/download/807
86,Questionnaires,Seasonal Agriculture Survey Screening Questionnaire 2018,q-rwa-nisr-sas-2018-screening-eng.docx,103.67 KB,https://microdata.statistics.gov.rw/index.php/catalog/86/download/809
86,Reports,Rwanda Seasonal Agriculture Survey Report 2018,,,
86,Reports,SAS 2018 _Annual report _Final,,,
35,Questionnaires,Questionnaire d'inventaire de la formation sanitaire,Questionnaire D_inventaire De La Formation Sanitaire.pdf,1.86 MB,https://microdata.statistics.gov.rw/index.php/catalog/35/download/166
35,Questionnaires,Questionnaire interview de l’ agent de santé,Questionnaire Interview de l_agent de Sante.pdf,291.83 KB,https://microdata.statistics.gov.rw/index.php/catalog/35/download/167
35,Questionnaires,OBSERVATION DE LA CONSULTATION DE L’ENFANT MALADE,Observation_de_la_Consultation_de_l_Enfant_Malade.pdf,177.24 KB,https://microdata.statistics.gov.rw/index.php/catalog/35/download/168
35,Questionnaires,INTERVIEW DE SORTIE DE CONSULTATION DE LA PERSONNE QUI S’OCCUPE DE L’ENFANT MALADE,Interview_de_Sortie_de_Consultation_de_la Personne_qui_s_Occupe_de_l_Enfant_Malade.pdf,179.8 KB,https://microdata.statistics.gov.rw/index.php/catalog/35/download/169
35,Questionnaires,INTERVIEW DE SORTIE POUR LES PATIENTES AYANT REÇU DES SOINS PRENATALS,Interview_de_Sortie_pour_les_Patientes_ayant_recu_des_Soins_Prenatals.pdf,155 KB,https://microdata.statistics.gov.rw/index.php/catalog/35/download/171
35,Reports,Rwanda Service Provision Assessment Survey 2001,Rwanda Service Provision Assessment Survey 2001 Report.pdf,2.13 MB,https://microdata.statistics.gov.rw/index.php/catalog/35/download/165
35,Reports,OBSERVATION DES PATIENTES AYANT REÇU DES SOINS PRENATALS,Observation_des_Patientes_Ayant_Recu_des_Soins_Prenatals.pdf,152.81 KB,https://microdata.statistics.gov.rw/index.php/catalog/35/download/170
60,Questionnaires,USer Satisfaction Survey 2012 Questionnaire,q-russ-2012-eng-v1.pdf,641.15 KB,https://microdata.statistics.gov.rw/index.php/catalog/60/download/352
60,Reports,User Satisfaction survey on the Quality and Use of Official Statistics for Informed Policy and Decision Making in Rwanda,russ-2012-final-report.pdf,2.03 MB,https://microdata.statistics.gov.rw/index.php/catalog/60/download/349
60,Technical documents,User Satisfaction Survey 2012 Study Protocol,russ-2012-Study-Protocol .pdf,226.01 KB,https://microdata.statistics.gov.rw/index.php/catalog/60/download/348
60,Technical documents,User Satisfaction Survey 2012 sampling methodology,russ-2012-sampling-methodology.pdf,170.43 KB,https://microdata.statistics.gov.rw/index.php/catalog/60/download/350
60,Other materials,Timeframe of User Satisfaction Survey activities,russ-2012-roadmap.pdf,62.3 KB,https://microdata.statistics.gov.rw/index.php/catalog/60/download/351
24,Questionnaires,Questionnaire VUP Final 2008 English Vision,VUP_Questionnaire.pdf,273.91 KB,https://microdata.statistics.gov.rw/index.php/catalog/24/download/95
24,Reports,Vision 2020 Umurenge Program (VUP),vision2020_umurenge.pdf,1.74 MB,https://microdata.statistics.gov.rw/index.php/catalog/24/download/96
