study_id,idno,title,year_start,year_end,producer,access,data_files,max_cases,total_variables,units_of_analysis,geographic_coverage,universe,sampling_district_note,documents,track2_priority,track2_note,url
120,RWA-NISR-FINSCOPE-2024-v01,"FinScope 2024, Financial Inclusion in Rwanda",0,0,Access to Finance Rwanda,Public use data files,1,13994,2500,Basic units of analyisis were individuals and households.,FinScope data are at the National level coverage,The target population eligible for FinScope survey is every 16 years old and above resident in selected households,,4,core,"FinScope 2024: financial access, usage, financial health, Ubudehe category, VUP income; district code and weights",https://microdata.statistics.gov.rw/index.php/catalog/120
119,RWA-NISR-EICV7-2023-2024-v01,"Integrated Household Living Conditions Survey (EICV7), 2023-2024, Cross-Sectional Sample",0,0,National Institute of Statistics of Rwanda - Ministry of Finance and Economic Planning,Public use data files,21,2227992,838,"Individuals, households","National coverage, including rural and urban households and allowing province- and district-level estimation of key indicators",All household members,"Samples were drawn from each of the country's 30 districts (strata). | In order to determine the sample size for the EICV7, NISR examined EICV5 data to compute the sampling errors and 95% confidence intervals for district level poverty rate estimates.",5,core,"EICV7 2023/24: poverty, consumption, savings, credit, VUP payment channel and delays; district-representative",https://microdata.statistics.gov.rw/index.php/catalog/119
121,RWA-NISR-EICV7-VUP-2023-2024-V01,"Integrated Household Living Conditions Survey (EICV7), 2023-2024, VUP",0,0,National Institute of Statistics of Rwanda - Ministry of Finance and Economic Planning,Public use data files,20,558108,800,"Individuals, households","The EICV7 VUP Survey was designed to provide coverage at the national level and for each VUP component, namely Direct Support (DS), Nutrition-Sensitive Direct Support (NSDS), Classic Public Works (cPW",All household members,,2,core,"EICV7 VUP sample: benefit delivery by component (national/component estimates, not districts)",https://microdata.statistics.gov.rw/index.php/catalog/121
89,RWA-NISR-RFS-2020-v1,"Rwanda FinScope 2020, Financial Inclusion in Rwanda 2020",2020,2020,Access to Finance Rwanda (AFR) - GoR,Public use data files,1,12480,1314,Basic units of analyisis were individuals and households.,FinScope data are at the National level coverage,The target population eligible for FinScope survey is every 16 years old and above resident in selected households,"FinScope Rwanda 2020 is representative at national, urban/rural and district levels. | In this case the number of sample clusters in each district corresponds to the number of clusters enumerated.",5,high,FinScope 2020: 2020 to 2024 trend; check that definitions and the access strand are comparable,https://microdata.statistics.gov.rw/index.php/catalog/89
82,RWA-NISR-EICV5-CS-2016-2017-V0.1,"Integrated Household Living Conditions Survey (EICV5), 2016-2017, Cross-Sectional Sample",2016,2017,National Institute of Statistics Rwanda (NISR) - Ministry of Finance and Economic Planning,Public use data files,35,0,956,"Individuals, households","National coverage, including rural and urban households and allowing province- and district-level estimation of key indicators",All household members,"1) The EICV5 Cross-sectional survey sample size The sample size for the EICV5 cross-sectional survey depends on the level of precision that is required for key indicators at the district level, as well as on resource constraints and logistical considerations. | The estimates of the sampling errors for the poverty rate by district from the EICV4 data were examined in order to determine whether it would be necessary to adjust the sample size.",5,high,EICV5 2016/17 cross-section: 2017 poverty baseline (EICV7 re-estimated 2017 on its new method; use NISR's comparable series),https://microdata.statistics.gov.rw/index.php/catalog/82
85,RWA-NISR-EICV5-VUP-2016-2017-V01,"Integrated Household Living Conditions Survey (EICV5), 2016-2017, VUP",2016,2017,National Institute of Statistics Rwanda (NISR) - Ministry of Finance and Economic Planning,Public use data files,35,246600,965,"Individuals, households","National coverage, including rural and urban households and allowing province- and district-level estimation of key indicators",All household members,,3,high,"EICV5 VUP sample 2016/17: earlier VUP delivery and targeting, for a trend with the EICV7 VUP sample",https://microdata.statistics.gov.rw/index.php/catalog/85
122,RWA-NISR-CFSVA-2024-v01,Comprehensive Food Security and Vulnerability Analysis 2024,0,0,National Institute of Statistics of Rwanda(NISR) - Ministry of Finance and Economic Planning(MINECOFIN),Public use data files,3,9000,1244,Household and individual,National coverage,Household members,"The 2024 Comprehensive Food Security and Vulnerability Assessment (CFSVA) employed a stratified two-stage sampling approach designed to ensure statistical representativeness at the district level. | In the first stage, data from the 2022 Population and Housing Census and the Rwanda Demographic and Health Survey were used, with each district serving as a stratum and villages, or Enumeration Areas (EAs), as the primary sampling units (PSUs).",3,high,"CFSVA 2024: food insecurity, shocks, coping strategies, livelihoods by district; shock and vulnerability layer",https://microdata.statistics.gov.rw/index.php/catalog/122
126,rwa-nisr-rdhs7-2025-v01,Rwanda Demographic and Health Survey 2025,0,0,National Institute of Statistics of Rwanda - Ministry of Finance and Economic Planning,Public use data files,11,71900,16218,The unit analysis of this survey are households and individuals.,The Rwanda Demographic and Health Survey 2025 was a nation-wide survey.,"This sample survey covered men aged 15-59 years, Women aged 15-49 and Children aged 0-5 years","For some indicators, representative results may be available for each of the 30 districts. | TableA.1shows thedistributionofhouseholds by province, district, and type of residence.",6,high,DHS 2025: wealth index; women's and men's bank-account and mobile-money use; gender angle,https://microdata.statistics.gov.rw/index.php/catalog/126
125,RWA-NISR-RLFS-2025-v0.1,Rwanda Labour Force Survery 2025,0,0,National Institute of Statistics of Rwanda (NISR) - Ministry of Finance and Economic Planning (MINECOFIN),Public use data files,1,100852,207,Household and individual,Labor force survey data are at the National level coverage but Employment and Labour force participation rate are represented at District level as well as by residential area.,"The target population eligible for Labor force survey is 16 years old and above resident of selected households. However, the survey also collected data on certain particular labour-market related issues such as income from employment, migrant workers and workers with disabilities. The survey consid",,2,high,"LFS 2025: earnings, informality, youth NEET, income sources; district tables published",https://microdata.statistics.gov.rw/index.php/catalog/125
109,RWA-NISR-RPHC-2022-v0.1,Rwanda Population and Housing Census 2022,0,0,National Institute of Statistics of Rwanda (NISR) - Ministry of Finance and Economic Planning (MINECOFIN),Public use data files,1,1313015,250,Units of analysis for the census were individuals and households.,The census had national coverage,The census covered all household members in the country.,,25,high,"Census 2022 public-use sample: population covariates, ICT, disability, employment",https://microdata.statistics.gov.rw/index.php/catalog/109
106,RWA-NISR-CFSVA-2021-v01,Comprehensive Food Security and Vulnerability Analysis 2021,2021,2021,National Institute of Statistics of Rwanda (NISR) - Ministry of Finance and Economic Planning (MINECOFIN),Public use data files,3,9000,1378,Household and individual,National coverage,Household members,"The sampling frame for the 2021 CFSVA was designed to provide statistically representative and precise information for food security and nutrition at the district level. | Both urban and rural households from all 30 districts, including the City of Kigali, were included in the sample.",5,supporting,CFSVA 2021: food-security trend to 2024,https://microdata.statistics.gov.rw/index.php/catalog/106
98,rwa-nisr-rdhs6-2019-2020-v01,Rwanda - Demographic and Health Survey 2019-2020,2019,2020,National Institute of Statistics of Rwanda - Ministry of Finance and Economic Planning,Public use data files,8,55920,15232,The unit analysis of this survey are households and individuals.,The Rwanda Demographic and Health Survey 2019-2020 was a nation-wide survey.,"This sample survey covered men aged 15-59 years, Women aged 15-49 and Children aged 0-5 years","For some indicators, representative results may be available for each of the 30 districts. | In the 2012 RPHC, Rwanda is divided into provinces, with each province being sub-divided into districts, each district into sectors, each sector into cells, and each cell into villages.",6,supporting,DHS 2019/20: earlier wealth index and financial-account questions,https://microdata.statistics.gov.rw/index.php/catalog/98
71,RWA-NISR-RFS-2016-v01,"Rwanda FinScope Survey 2016, Financial Inclusion in Rwanda 2016",2015,2016,Access to Finance Rwanda (AFR) - GoR,Public use data files,1,12480,834,Basic units of analyisis were individuals and households.,FinScope data are at the National level coverage,The target population eligible for FinScope survey is every 16 years old and above resident in selected households,,4,supporting,FinScope 2016: long-run inclusion trend,https://microdata.statistics.gov.rw/index.php/catalog/71
75,RWA-NISR-EICV4-CS-2013-2014-V01,"Integrated Household Living Conditions Survey (EICV4), 2013-2014, Cross-Sectional Sample",2013,2014,National Institute of Statistics Rwanda (NISR) - Ministry of Finance and Economic Planning,Public use data files,34,2119593,1130,"Individuals, households","National coverage, including rural and urban households and allowing province- and district-level estimation of key indicators",All household members (variable s1q15 identifies household membership),"The urban areas include Kigali-Ville and the district capitals. | At the first stage, sample EAs were selected within each stratum (district) with probability proportional to size (PPS) from the ordered list of EAs in the sampling frame.",20,supporting,EICV4 2013/14 cross-section: poverty and finance modules (older methodology),https://microdata.statistics.gov.rw/index.php/catalog/75
73,RWA-NISR-DDI-EICV4-VUP-01,"Integrated Household Living Conditions Survey (EICV4), 2013-2014, VUP",2013,2014,National Institute of Statistics Rwanda (NISR) - Ministry of Finance and Economic Planning,Public use data files,29,361620,839,"Individuals, households","National coverage, including rural and urban households and allowing province- and district-level estimation of key indicators",All household members (variable s1q15 identifies household membership),"The urban areas include Kigali-Ville and the district capitals. | At the first stage, sample EAs were selected within each stratum (district) with probability proportional to size (PPS) from the ordered list of EAs in the sampling frame.",14,supporting,EICV4 VUP sample 2013/14: third point for a VUP trend,https://microdata.statistics.gov.rw/index.php/catalog/73
74,RWA-NISR-EICV4-PNL-01,"Integrated Household Living Conditions Survey, EICV3&4 Panel",2013,2014,National Institute of Statistics Rwanda (NISR) - Ministry of Finance and Economic Planning,Public use data files,1,8310,33,"Individuals, households","National coverage, including rural and urban households and allowing province- and district-level estimation of key indicators",All household members (variable s1q15 identifies household membership),"The urban areas include Kigali-Ville and the district capitals. | At the first stage, sample EAs were selected within each stratum (district) with probability proportional to size (PPS) from the ordered list of EAs in the sampling frame.",12,supporting,EICV3/4 panel 2010/11 to 2013/14: the only household panel for poverty dynamics (dated),https://microdata.statistics.gov.rw/index.php/catalog/74
57,RWA-NISR-FS-2012-v01,"Rwanda Finscope Survey 2012, Financial Inclusion in Rwanda 2008-2012",2012,2012,Access to Finance Rwanda (AFR),Public use data files,1,6150,668,Basic units of analyisis were individuals and households.,FinScope data are at the National level coverage,The target population eligible for FinScope survey is every 18 years old and above resident in selected households,"For the 2012 survey 615 EAs were selected ensuring urban-rural, as well as, district representativeness.",6,supporting,FinScope 2012: long-run inclusion trend (2008 baseline cited in 2012 report),https://microdata.statistics.gov.rw/index.php/catalog/57
65,RWA-NISR-RPHC-2012-v2,Rwanda Population and Housing Census 2012,2012,2012,National Institute of Statistics of Rwanda - Ministry of Finance and Economic Planning,Public use data files,1,1038369,120,Units of analysis for the census were individuals and households.,The census had national coverage,The census covered all household members in the country.,,46,supporting,Census 2012: 2012 to 2022 change in household conditions,https://microdata.statistics.gov.rw/index.php/catalog/65
36,RWA-NISR-EICV3-02,Integrated Household Living Conditions Survey 2010-2011,2010,2011,National Institute of Statistics of Rwanda (NISR) - Ministry of finance and economics planning (MINECOFIN),Public use data files,0,,0,"For the purposes of this study, the following units of analysis are considered: -communities -households -persons",This is a national survey with representivity at the (5) provicial and (30) district level and includes urban and rural households.,All household members.,"At the first sampling stage the sample villages for EICV3 were selected within each stratum (district) systematically with PPS from the ordered list of villages in the sampling frame. | The villages within each district were ordered first by urban, mixed and rural areas, and then geographically by secteur, cellule and village codes.",5,supporting,EICV3 2010/11: long-run poverty series,https://microdata.statistics.gov.rw/index.php/catalog/36
24,RWA-NISR-VUP-2008-v01,"Vision 2020 Umurenge Program, Baseline Survey 2008",2008,2008,National Institute of Statistics of Rwanda - MINECOFIN,Public use data files,11,9551,336,Households,National coverage,Sample households survey,,2,supporting,"VUP baseline survey 2008: programme origins, early targeting",https://microdata.statistics.gov.rw/index.php/catalog/24
123,RWA-NISR-RAHS-2024-V0.1,Agriculture Household Survey 2024,0,0,National Institute of Statistics of Rwanda - Ministry of Finance and Economic Planning,Public use data files,14,32616,732,This Agriculture survey focused on the following units of analysis: Agricultural Households for both household and individual level.,National coverage,All household members,"The 600 EAs were allocated to districts proportionally to the total number of agricultural households in each district based on the Rwanda Population and Housing Census (RPHC-2022) data. | Within each district, the EICV7 urban and rural sample EAs were combined for the AHS sample selection to provide a corresponding implicit stratification.",2,supporting,"Agricultural Household Survey 2024: farm credit, inputs, agricultural insurance",https://microdata.statistics.gov.rw/index.php/catalog/123
112,rwa-nisr-rec-2023-V0.1,Rwanda Establishment Census 2023,0,0,National Institute of Statistics of Rwanda - National Institute of Statistics of Rwanda,Public use data files,1,269194,68,Institutions,National coverage,"The study covered all establishments except governmental establishments that provide not-for-sale services.However, for employment component, all institutions were covered including 'not-for-sale services' goverment institutions. It is important to note that this census excludes diplomatic misisons ",The Establishment Census 2023 covered all 30 districts in Rwanda.,3,supporting,Establishment Census 2023: financial-service establishments (ISIC K) by location; supply-side layer,https://microdata.statistics.gov.rw/index.php/catalog/112
110,RWA-NISR-RLFS-2023-v0.1,Rwanda Labour Force Survery 2023,0,0,National Institute of Statistics of Rwanda (NISR) - Ministry of Finance and Economic Planning (MINECOFIN),Public use data files,3,71850,485,Household and individual,Labor force survey data are at the National level coverage but Employment and Labour force participation rate are represented at District level as well as by residential area.,"The target population eligible for Labor force survey is 16 years old and above resident of selected households. However, the survey also collected data on certain particular labour-market related issues such as income from employment, migrant workers and workers with disabilities. The survey consid",,2,supporting,LFS 2023: labour trend,https://microdata.statistics.gov.rw/index.php/catalog/110
114,RWA-NISR-RLFS-2024-v0.1,Rwanda Labour Force Survery 2024,0,0,National Institute of Statistics of Rwanda (NISR) - Ministry of Finance and Economic Planning (MINECOFIN),Public use data files,1,102562,197,Household and individual,Labor force survey data are at the National level coverage but Employment and Labour force participation rate are represented at District level as well as by residential area.,"The target population eligible for Labor force survey is 16 years old and above resident of selected households. However, the survey also collected data on certain particular labour-market related issues such as income from employment, migrant workers and workers with disabilities. The survey consid",,2,supporting,LFS 2024: labour trend,https://microdata.statistics.gov.rw/index.php/catalog/114
124,RWA-NISR-SAS-2025-v01,Rwanda Seasonal Agricultural Survey 2025,0,0,National Institute of Statistics of Rwanda (NISR) - Ministry of Finance and Economic Planning (MINECOFIN),Public use data files,12,52570,867,This seasonal agriculture survey focused on the following units of analysis: Small scale agricultural farms and large scale farms,National coverage allowing district-level estimation of key indicators,The SAS 2025 targeted potential agricultural land and large-scale farmers,,3,supporting,Seasonal Agricultural Survey 2025: farm production shocks (overlaps Track 1),https://microdata.statistics.gov.rw/index.php/catalog/124
104,RWA-NISR-RLFS-2022-v0.1,Rwanda Labour Force Survery 2022,2022,2022,National Institute of Statistics of Rwanda (NISR) - Ministry of Finance and Economic Planning (MINECOFIN),Public use data files,1,70424,244,Household and individual,Labor force survey data are at the National level coverage but Employment and Labour force participation rate are represented at District level as well as by residential area.,"The target population eligible for Labor force survey is 16 years old and above resident of selected households. However, the survey also collected data on certain particular labour-market related issues such as income from employment, migrant workers and workers with disabilities. The survey consid",,3,low,,https://microdata.statistics.gov.rw/index.php/catalog/104
100,RWA-NISR-RLFS-2021-v0.1,Rwanda Labour Force Survery 2021,2021,2021,National Institute of Statistics of Rwanda (NISR) - Ministry of Finance and Economic Planning (MINECOFIN),Public use data files,1,71947,241,Household and individual,Labor force survey data are at the National level coverage but Employment and Labour force participation rate are represented at District level as well as by residential area.,"The target population eligible for Labor force survey is 16 years old and above resident of selected households. However, the survey also collected data on certain particular labour-market related issues such as income from employment, migrant workers and workers with disabilities. It is important t","To ensure adequate geographical distribution of the sample over the different parts of the population, the sample is allocated among the 30 districts of the country. | Prior to sample selection, the sampling frame is sorted according to urban and rural areas within districts.",3,low,,https://microdata.statistics.gov.rw/index.php/catalog/100
101,RWA-NISR-RAHS-2020-V0.1,Agricultural Household Survey 2020,2020,2020,National Institute of Statistics of Rwanda - Ministry of Finance and Economic Planning,Public use data files,15,48726,543,This seasonal agriculture survey focused on the following units of analysis: Agricultural Households for both household and individual level.,National coverage,All household members,"To ensure a good representation of data at the district level, the survey was conducted using a sample size of 900 Enumeration areas (EAs). | Given that rural areas are dominated by many households practicing agriculture, the frame of EAs was sorted by urban and rural areas within districts.",2,low,,https://microdata.statistics.gov.rw/index.php/catalog/101
99,RWA-NISR-SAS-2020-v0.1,Rwanda Season Agriculture Survey 2020,2019,2020,National Institute of Statistics of Rwanda - Ministry of Finance and Economic Planning ,Public use data files,18,53419,601,This seasonal agriculture survey focused on the following units of analysis: Small scale agricultural farms and large scale farms,National coverage allowing district-level estimation of key indicators,The SAS 2020 targeted potential agricultural land and large scale farmers,"At first stage,1200 segments were selected and allocated at district level based on the power allocation approach (Bankier3, 1988). | Sampled segments inside each district were distributed among strata with a proportional-to-area criterion.",3,low,,https://microdata.statistics.gov.rw/index.php/catalog/99
92,RWA-NISR-RLFS-2019-v0.1,Rwanda Labour Force survey 2019,2019,2019,National Institute of Statistics of Rwanda - Ministry of Finance and Economic Planning,Public use data files,1,81778,238,Household and individual,Labour force survey data are at the National level coverage but Employment and Labour force participation rate are represented at District level as well as by residential area.,"The target population eligible for Labor force survey is 16 years old and above resident of selected households. However, the survey also collected data on certain particular labour-market related issues such as income from employment, migrant workers and workers with disabilities. The survey consid",,3,low,,https://microdata.statistics.gov.rw/index.php/catalog/92
93,RWA-NISR-SAS-2019-v0.1,Rwanda Season Agriculture Survey 2019,2018,2019,National Institute of Statistics of Rwanda - Ministry of Finance and Economic Planning ,Public use data files,15,63292,453,This seasonal agriculture survey focused on the following units of analysis: Small scale agricultural farms and large scale farms,National coverage allowing district-level estimation of key indicators,The SAS 2019 targeted potential agricultural land and large scale farmers,"Within district, the agriculture strata (1.1, 2.0 & 3.0) were divided into larger sampling units called first-step or primary sampling units (PSUs) (as shown in Figure 2). | After sample size determination, a sample of PSUs was done by systematic sampling method with probability proportional to size, then a given number of PSUs to be selected for each stratum, was assigned in every district.",3,low,,https://microdata.statistics.gov.rw/index.php/catalog/93
91,RWA-NISR-CFSVA-2018-v01,Comprehensive Food Security and Vulnerability Analysis 2018,2018,2018,National Institute of Statistics of Rwanda - Ministry of Finance and Economic Planning,Public use data files,3,9709,725,The units of analysis are household and community level.,National coverage,Household members,"Rwanda is administratively divided into four provinces (Northern Province, Southern Province, Eastern Province and Western Province) plus Kigali City and a total of 30 districts. | Districts are further divided in sectors and cells.",8,low,,https://microdata.statistics.gov.rw/index.php/catalog/91
87,rwa-nisr-rec-2017-V0.1,Rwanda Establishment Census 2017,2017,2018,National Institute of Statistics of Rwanda - Ministry of Finance and Economic Planning,Public use data files,1,190288,72,"The unit analysis of this study is establishment excluding governmental establishments which provide not-for-sale services. However, for employment component, all institutions wer covered including 'n",National coverage,"The study covered all establishments except governmental establishments that provide not-for-sale services.However, for employment component, all institutions wer covered including 'not-for-sale services' goverment institutions. It is important to note that this census excludes diplomatic misisons o",,4,low,,https://microdata.statistics.gov.rw/index.php/catalog/87
83,RWA-NISR-RLFS-2018-v0.1,Rwanda Labour Force Survey,2018,2018,National Institute of Statistics of Rwanda - Ministry of Finance and Economic Planning,Public use data files,1,76670,189,Basic units of analyisis were individuals and households.,Labor force survey data are at the National level coverage,"The target population eligible for Labor force survey is 16 years old and above resident of selected households. However, the survey also collected data on certain particular labour-market related issues such as income from employment, migrant workers and workers with disabilities. It is important t","To ensure adequate geographical distribution of the sample over the different parts of the population, the sample is allocated among the 30 districts of the country. | Prior to sample selection, the sampling frame is sorted according to urban and rural areas within districts.",2,low,,https://microdata.statistics.gov.rw/index.php/catalog/83
86,RWA-NISR-RSAS-2018-v0.1,Rwanda seasonal Agriculture Survey 2018,2017,2018,National Institute of Statistics of Rwanda - Ministry of Finance and Economic Planning,Public use data files,15,63292,453,This seasonal agriculture survey focused on the following units of analysis: Agricultural Operators and Large Scale Farmers,National coverage allowing district-level estimation of key indicators,The RSAS 2018 targeted potential agriicultural land and large scale farmers,"Data collection was done in 780 segments and 222 large scale farmers holdings for Season A, whereas in Season C data was collected in 232 segments, response rate was 100% of the sample Sampling weights were calculated for each stratum in each district considering the total number of segments in the stratum and the sample size in the specific stratum.",4,low,,https://microdata.statistics.gov.rw/index.php/catalog/86
90,RWA-NISR-RAHS-2017-V0.1,Agricultural Household Survey 2017,2017,2017,National Institute of Statistics of Rwanda - Ministry of Finance and Economic Planning,Public use data files,16,362203,516,This seasonal agriculture survey focused on the following units of analysis: Agricultural Households for both household and individual level.,National coverage,All household members,"In order to provide the basis for conducting sample surveys based on complete coverage of the household level in all 30 districts of Rwanda, and as a better way of collecting agricultural household data and finding better precise survey estimates, agricultural household survey(AHS) used a Multiple-Frame Sampling (MFS) methodology by which, area frame was constructed and survey sample was drawn from it. | Taking into consideration of full completeness of the segment, sampling weights were calculated for each stratum in each district considering the total number of segments in the stratum and th",2,low,,https://microdata.statistics.gov.rw/index.php/catalog/90
81,RWA-NISR-RLFS-2017-v0.1,Rwanda Labor Force Survey,2017,2017,National Institute of Statistics of Rwanda - Ministry of Finance and Economic Planning,Public use data files,1,77761,230,Basic units of analyisis were individuals and households.,Labor force survey data are at the National level coverage,"The target population eligible for Labor force survey is 16 years old and above resident in selected households. However, the survey also collected data on certain particular labour-market related issues such as working children 5 to 17 years old, income from employment, migrant workers and workers ",The sample was drawn in each district by probability proportional to size (pps) from the sampling frame.,4,low,,https://microdata.statistics.gov.rw/index.php/catalog/81
88,RWA-NISR-RSAS-2017-V0.1,Rwanda Seasonal Agriculture Survey 2017,2016,2017,National Institute of Statistics of Rwanda - Ministry of Finance and Economic Planning,Public use data files,30,68212,664,This seasonal agriculture survey focused on the following units of analysis: Agricultural Operators and Large Scale Farmers,National coverage,The RSAS 2017 targeted potential agriicultural land and large scale farmers,"For area frame design, the selection process was a two-stage process which begins with the first stage at the district level with every agriculture stratum (1.1, 2.0 and 3.0) divided into PSUs of 100 Ha (in strata1.1 and 2.0) and 500 ha (in stratum 3.0). | Based on the sample allocation to each district stratum the first-stage of the sample selection process uses a probability proportional to size (PPS) sampling method to select the number of PSUs equal to each stratum.",3,low,,https://microdata.statistics.gov.rw/index.php/catalog/88
79,RWA-NISR-RHADPA-2016-V1.2,Health Administrative Data Progress Assessment,2015,2016,Ministry of Health(MoH) in collaboration with the National Institute of Statistics of Rwanda(NISR),Public use data files,1,0,8,The Development of Health Administrative Data Progress Assessment focused on women and children as units of analysis,National coverage,This assessment targeted children and children,,1,low,,https://microdata.statistics.gov.rw/index.php/catalog/79
76,RWA-NISR-RSAS-2016-V1.1,Rwanda Seasonal Agriculture Survey 2016,2015,2016,National Institute of Statistics of Rwanda - Ministry of Finance and Economic Planning,Public use data files,0,,0,This seasonal agriculture survey focused on the following units of analysis: -Agricultural Operators and Large Scale Farmers,National coverage,The RSAS 2016 targeted agricultural operators and large scale Farmers operating in Rwanda.,The sample weights were calculated for each district considering the total number of segments in each district and the sample size in the specific districts.,4,low,,https://microdata.statistics.gov.rw/index.php/catalog/76
70,RWA-NISR-CFSVA-2015-v01,Comprehensive Food Security and Vulnerability Analysis 2015,2015,2015,National Institute of Statistics of Rwanda - Ministry of Finance and Economic Planning,Public use data files,3,7500,530,The units of analysis are household and community level.,National coverage,Household members,"Rwanda is administratively divided into four provinces (Northern Province, Southern Province, Eastern Province and Western Province) plus Kigali City and a total of 30 districts. | Districts are further divided in sectors and cells.",8,low,,https://microdata.statistics.gov.rw/index.php/catalog/70
68,rwa-nisr-rdhs5-2014-2015-v01,Demographic and Health Survey 2014-2015,2014,2015,National Institute of Statistics of Rwanda - Ministry of Finance and Economic Planning,Public use data files,7,0,13006,The unit analysis of this survey are households and individuals.,The Rwanda Demographic and Health Survey 2014-2015 was a nation-wide survey.,"This sample survey covered men aged 15-59 years, Women aged 15-49 and Children aged 0-5 years",Stratification was achieved by separating each district into urban and rural areas. | The urban and rural areas of each district form each a sampling stratum.,19,low,,https://microdata.statistics.gov.rw/index.php/catalog/68
77,RWA-NISR-RSAS-2015-V1.1,Rwanda Seasonal Agriculture Survey 2015,2014,2015,National Institute of Statistics of Rwanda - Ministry of Finance and Economic Planning,Public use data files,0,,0,This seasonal agriculture survey focused on the following units of analysis: -Agricultural Operators and Large Scale Farmers,National coverage,The RSAS 2015 targeted agricultural operators and large scale Farmers operating in Rwanda.,The sample weights were calculated for each district considering the total number of segments in each district and the sample size in the specific districts.,6,low,,https://microdata.statistics.gov.rw/index.php/catalog/77
67,rwa-nisr-rec-2014-v1,Rwanda Establishment Census 2014,2014,2014,National Institute of Statistics of Rwanda - Ministry of Finance and Economic Planning,Public use data files,1,154236,95,The unit analysis of this study is establishment excluding governmental establishments which provide not-for-sale services.,National coverage,The study covered all establishments except governmental establishments that provide not-for-sale services.,,15,low,,https://microdata.statistics.gov.rw/index.php/catalog/67
78,RWA-NISR-RSAS-2014-V1.2,Rwanda Seasonal Agriculture Survey 2014,2013,2014,National Institute of Statistics of Rwanda<BR> NISR,Public use data files,0,,0,This seasonal agriculture survey focused on the following units of analysis: -Agricultural Operators and Large Scale Farmers,National coverage,The RSAS 2014 targeted agricultural operators and large scale Farmers operating in Rwanda.,The sample weights were calculated for each district considering the total number of segments in each district and the sample size in the specific districts.,4,low,,https://microdata.statistics.gov.rw/index.php/catalog/78
66,RWA-NISR-RSAS-2013-V1.1,Rwanda Seasonal Agriculture Survey 2013,2012,2013,National Institute of Statistics of Rwanda - Ministry of Finance and Economic Planning,Public use data files,0,,0,This seasonal agriculture survey focused on the following units of analysis: -Agricultural Operators and Large Scale Farmers,National coverage,The RSAS 2013 targeted agricultural operators and large scale Farmers operating in Rwanda.,"In Phase II, 25% of the Agricultural Operators undertaking either Crop farming activities only or both Crop and Livestock farming were selected and interviewed using a Farm Questionnaire for this phase.In Phase II, Season A, a sample of 1,799 Agricultural Operators was selected using the method of Probability Proportional to Size (PPS) in each district. | In Phase II, Season B, a sample of 1,941 Agricultural Operators was selected as follows: a) 1,545 Agricultural Operators were selected of which 1500 were from Strata 1 and 2 selected at district level, and 45 Agricultural Operators were from ",7,low,,https://microdata.statistics.gov.rw/index.php/catalog/66
69,RWA-NISR-CFSVANS-2012-v1,Comprehensive Food Security and Vulnerability Analysis and Nutrition Survey 2012,2012,2012,National Institute of Statistics of Rwanda - Ministry of Finance and Economic Planning,Public use data files,6,0,3287,The units of analysis are household and community level.,National coverage,Household members,"Rwanda is administratively divided into four provinces (Northern Province, Southern Province, Eastern Province and Western Province) plus Kigali City and a total of 30 districts. | Districts are further divided in sectors and cells.",9,low,,https://microdata.statistics.gov.rw/index.php/catalog/69
41,RWA_2011_ES_v01_M_WB,Enterprise Survey 2011,2011,2012,World Bank,Data available from external repository,1,241,249,The primary sampling unit of the study is the establishment. An establishment is a physical location where business is carried out and where industrial operations take place or services are provided. ,Butare and Kigali City,"The whole population, or the universe, covered in the Enterprise Surveys is the non-agricultural private economy. It comprises: all manufacturing sectors according to the ISIC Revision 3.1 group classification (group D), construction sector (group F), services sector (groups G and H), and transport,",,10,low,,https://microdata.statistics.gov.rw/index.php/catalog/41
42,RWA_2011_MS_v01_M_WB,Micro-Enterprise Survey 2011,2011,2012,World Bank,Data available from external repository,1,148,247,The primary sampling unit of the study is the establishment. An establishment is a physical location where business is carried out and where industrial operations take place or services are provided. ,Butare and Kigali City,"The whole population, or the universe, covered in the Enterprise Surveys is the non-agricultural private economy. It comprises: all manufacturing sectors according to the ISIC Revision 3.1 group classification (group D), construction sector (group F), services sector (groups G and H), and transport,",,0,low,,https://microdata.statistics.gov.rw/index.php/catalog/42
60,rwa-nisr-russ-2012-v1,User Satisfaction Survey 2012,2012,2012,National Institute of Statistics of Rwanda - Ministry of Finance and Economic Planning,Public use data files,1,428,437,The user satisfaction survey was administrated to the individuals working in the institutions categorized in the following six major unity of analysis: - Public sector including Central and Local Gove,National coverage,"The Rwanda User Satisfaction Survey was conducted among users of official statistics from the Government and other public institutions, private sector, civil society, international organizations, press and media, research and higher learning institutions.",,5,low,,https://microdata.statistics.gov.rw/index.php/catalog/60
4,RWA-NISR-DHS-2010-v01,Demographic Health Survey 2010,2010,2011,National Institute of Statistics of Rwanda NISR - MINECOFIN,Public use data files,7,83616,2079,Household,"It was a nationwide survey.The survey covered the whole country,all provinces and all districts.",-Men age 15-59 years -Women age 15-49 -Children age 0-5 years,"Decentralization reforms were introduced after this sample was drawn, resulting in new geographically-based divisions that regroup the former districts into five new provinces.",9,low,,https://microdata.statistics.gov.rw/index.php/catalog/4
62,rwa-nisr-rec-2011-v1,Rwanda Establishment Census 2011,2011,2011,National Institute of Statistics of Rwanda - Ministry of Finance and Economic Planning,Public use data files,1,127662,86,The unit analysis of this study is an establishment excluding govermental establishments which provide not-for-sale governmental services,National coverage,The study covered all establishments except governmental establishments that provide not-for-sale services,,8,low,,https://microdata.statistics.gov.rw/index.php/catalog/62
48,rwa-nisr-rnms-2011-2012-v1,Rwanda National Manpower Survey 2011-2012,2011,2011,National Institute of Statistics of Rwanda - Ministry of Finance and Economic Planning,Public use data files,6,17345,1909,"Units of analysis were individuals, and institutions, including schools, public institutions, non-governmental organisations, and private firms in the formal and informal sectors.",The survey had national coverage,The universe for the Formal Sector module included four distinct universes: Private Business establishments which belong to formal sector; Public and private health facilities; Non-Governmental organizations; and Public/ governmental institutions. The Educational institutions module covered Primary ,,9,low,,https://microdata.statistics.gov.rw/index.php/catalog/48
8,RWA-NISR-CFSVANS-2009-v01,Comprehensive Food Security and Vulnerability Analysis and Nutrition Survey 2009,2009,2009,National Institute of Statistics of Rwanda - Ministry of Economics Planification and Finance,Public use data files,14,118800,498,Household and community level data.,National coverage,Household members,"Rwanda is administratively divided into four provinces (Northern Province, Southern Province, Eastern Province and Western Province) plus Kigali City and a total of 30 districts. | Districts are further divided in sectors and cells.",2,low,,https://microdata.statistics.gov.rw/index.php/catalog/8
13,RWA-NISR-RIDHS-2008-v1.0,Rwanda Interim Demographic and Health Survey 2007-2008,2007,2008,National Institute of Statistics of Rwanda (NISR) - Ministry of Finance and Economic Planning (Minecofin),Public use data files,5,76786,1101,"Household, individual (including adult women and men aged 15-59 years)","The sample was designed to provide estimates of the indicators at the national level, for urban and rural areas, and for five regions: Kigali city,Eastern Province,Western Province Northern Province a","Household, individual (including adult women aged 15-49 years and men aged 15-59 years).",,2,low,,https://microdata.statistics.gov.rw/index.php/catalog/13
21,RWA-NISR-RNCLS-2008-v01,Rwanda National Child Labour Survey 2008,2008,2008,National Institute of Statistics of Rwanda - Ministry of Finance and Economic Planning ,Public use data files,4,28038,792,Households,National coverage,The National Child Labour Survey has covered children aged 5 to 17 years living in ordinary households countrywide.,"At first stage, enumeration areas constructed on the basis of the 2002 Rwanda General Census of Population and Housing served as sampling frame for the drawing of lots of a sample of 300 enumeration blocks or clusters with the distribution of 10 enumeration blocks per District.",4,low,,https://microdata.statistics.gov.rw/index.php/catalog/21
26,RWA-NISR-CFSVA-206-v01,Comprehensive Food Security and Vulnerability Analysis (CFSVA),2006,2006,National Institute of Statistics Rwanda - Government of Rwanda,Public use data files,3,3671,1652,Households,National Coverage ( rural households),Household members,"The country is divided into five provinces (Kigali-Ville, Northern Province, Southern Province, Eastern Province and Western Province), 30 districts and 416 sectors. | Since it was impossible to cover and be representative of all 30 districts of Rwanda within the time and budget allocated to the study (and because there were too few provinces), it was decided to use the 12 food economy zones (FEZ) identified in 2003 by the Rwanda Vulnerability Baseline Assessment conducted by the Ministry of Agriculture and Animal Resources (MINAGRI), the Ministry of Youth, Culture and Sports (MIJESPOC), the M",2,low,,https://microdata.statistics.gov.rw/index.php/catalog/26
40,RWA_2006_ES_v01_M_WB,Enterprise Survey 2006,2006,2006,World Bank,Data available from external repository,3,97,807,The primary sampling unit of the study is the establishment. An establishment is a physical location where business is carried out and where industrial operations take place or services are provided. ,National,"The whole population, or the universe, covered in the Enterprise Surveys is the non-agricultural economy. It comprises: all manufacturing sectors according to the ISIC Revision 3.1 group classification (group D), construction sector (group F), services sector (groups G and H), and transport, storage",,0,low,,https://microdata.statistics.gov.rw/index.php/catalog/40
39,RWA-NISR-EICV-2005-2006-V1.1,Integrated Household Living Conditions Survey 2005-2006,2005,2006,"NISR (National Institute of Statistics, Rwanda) - Government of Rwanda",Public use data files,0,,0,Household Person Commodity (for GDP computation),Complete national coverage which included all 11 former provinces (now 5 major provinces) and the City of Kigali.,Household members (institutional and itinerant populations exxluded),,20,low,,https://microdata.statistics.gov.rw/index.php/catalog/39
43,RWA_2006_MS_v01_M_WB,Micro-Enterprise Survey 2006,2006,2006,World Bank,Data available from external repository,1,128,264,The survey targets manufacturing/services sectors establishments with one to four employees.,National,"The whole population, or the universe, covered in the Enterprise Surveys is the non-agricultural economy. It comprises: all manufacturing sectors according to the ISIC Revision 3.1 group classification (group D), construction sector (group F), services sector (groups G and H), and transport, storage",,0,low,,https://microdata.statistics.gov.rw/index.php/catalog/43
14,RWA-NISR-DHS-2005-v01,Demographic Health Survey 2005,2005,2005,National Institute of Statistics of Rwanda - MINECOFIN,Public use data files,7,72393,2123,Household,"It was a nationwide survey.The survey covered the whole country,all provinces and all districts.",-Men aged 15-59 years -Women aged 15-49 -Children aged 0-5 years,"Decentralization reforms were introduced after this sample was drawn, resulting in new geographically-based divisions that regroup the former districts into five new provinces.",8,low,,https://microdata.statistics.gov.rw/index.php/catalog/14
9,RWA-NISR-CENSUS-2002-v01,General Census of Population and Housing 2002,2002,2002,National Census Service - Ministry of Finance and Economic Planning,Public use data files,2,399017,144,Individual and Household,National coverage,The survey covered all population,,4,low,,https://microdata.statistics.gov.rw/index.php/catalog/9
27,RWA-NISR-EICV-2001-v1.1,Integrated Household Living Conditions Survey 2000-2001,1999,2001,"NISR (National Institute of Statistics, Rwanda) - Government of Rwanda",Public use data files,0,,0,Household Person Commodity (for GDP computation),Complete national coverage which included all 11 former provinces (now 5 major provinces) and the City of Kigali.,Household members (institutional and itinerant populations excluded),"Sampling base *At the area level, the chosen sampling base ( or at the enumeration district) was the “cellule”in the rural areas and the zone in urban areas, since they are usually fairly homogeneous in size and are well demarcated.",2,low,,https://microdata.statistics.gov.rw/index.php/catalog/27
35,RWA-NISR-RSPA-2001-v01.,Rwanda Service Provision Assessment Survey 2001,2001,2001,National Population Office - Ministry of Health,Public use data files,3,4189,1814,Public health facilities and government-assisted health facilities (GAHFs).,National coverage,"The survey covered hospitals, health centers, and dispensaries and included both governmental (public) and government assisted non-governmental health facilities (GAHFs). And household-based health information collected in the 2000 Demographic and Health Survey in Rwanda",,7,low,,https://microdata.statistics.gov.rw/index.php/catalog/35
11,RWA-NISR-DHS-2000-v1.0,Demographic and Health Survey 2000,2000,2000,National Institute of Statistic of Rwanda - MINECOFIN,Public use data files,7,65252,1917,"Household , individual ( Men, Women and children)",National couverage,"The survey covered household members , women15-49 years , men aged 15-59 years and children under 5 years.",,4,low,,https://microdata.statistics.gov.rw/index.php/catalog/11
25,RWA-NISR-MICS-2000-v1.0,ENQUETE A INDICATEURS MULTIPLES (MICS2000),2000,2000,Direction de la Statistique - Minist\u00e8re des Finances et de la Planification Economique,Public use data files,4,20400,538,"Ménages, Femmes, Enfants",Couverture National,Femmes agées de 15 à 49 et ménage,,3,low,,https://microdata.statistics.gov.rw/index.php/catalog/25
6,RWA-NISR-DHS-1992-v01,Enquête Démographique et de Santé 1992,1992,1992,Office National de la Population - MINIPLA,Public use data files,5,31881,805,Ménage et Individuels,"L' enquête couvre tout le pays, toutes les provinces ansi que les Ditricts.",-Hommes agés 15-59 ans -Femmes agées 15-49 ans -Enfants agés 0-5 ans,"Les Unités Primaires de Sondage (UPS) ont été constituées, pour le milieu rural, par les cellules, dont la liste des ménages a été actualisée, et par les Districts de recensement (DR) du RGPH de 1991, pour le milieu urbain.",8,low,,https://microdata.statistics.gov.rw/index.php/catalog/6
94,rwa-nisr-rec-2020-V0.1,Rwanda Establishment Census 2020,0,0,National Institute of Statistics of Rwanda - National Institute of Statistics of Rwanda,Public use data files,1,232283,70,Institutions,National coverage,"The study covered all establishments except governmental establishments that provide not-for-sale services.However, for employment component, all institutions were covered including 'not-for-sale services' goverment institutions. It is important to note that this census excludes diplomatic misisons ",The Establishment Census 2020 covered all 30 districts in Rwanda.,3,low,,https://microdata.statistics.gov.rw/index.php/catalog/94
97,RWA-NISR-RLFS-2020-v0.1,Rwanda Labour Force survey 2020,0,0,National Institute of Statistics of Rwanda - Ministry of Finance and Economic Planning,Public use data files,1,70172,365,Household and individual,Labor force survey data are at the National level coverage but Employment and Labour force participation rate are represented at District level as well as by residential area.,"The target population eligible for Labor force survey is 16 years old and above resident of selected households. However, the survey also collected data on certain particular labour-market related issues such as income from employment, migrant workers and workers with disabilities. The survey consid",,3,low,,https://microdata.statistics.gov.rw/index.php/catalog/97
102,RWA-NISR-SAS-2021-v0.1,Rwanda Season Agriculture Survey 2021,0,0,National Institute of Statistics of Rwanda - Ministry of Finance and Economic Planning ,Public use data files,18,52873,627,This seasonal agriculture survey focused on the following units of analysis: Small scale agricultural farms and large scale farms,National coverage allowing district-level estimation of key indicators,The SAS 2021 targeted potential agricultural land and large scale farmers,"At first stage,1200 segments were selected and allocated at district level based on the power allocation approach (Bankier, 1988). | Sampled segments inside each district were distributed among strata with a proportional-to-area criterion.",3,low,,https://microdata.statistics.gov.rw/index.php/catalog/102
103,RWA-NISR-SAS-2022-v0.1,Rwanda Season Agriculture Survey 2022,0,0,National Institute of Statistics of Rwanda - Ministry of Finance and Economic Planning ,Public use data files,18,52487,794,This seasonal agriculture survey focused on the following units of analysis: Small scale agricultural farms and large scale farms,National coverage allowing district-level estimation of key indicators,The SAS 2022 targeted potential agricultural land and large scale farmers,"In the first stage,1200 segments were selected and allocated at the district level based on the power allocation approach (Bankier, 1988). | Sampled segments inside each district were distributed among strata with a proportional-to-area criterion.",3,low,,https://microdata.statistics.gov.rw/index.php/catalog/103
111,RWA-NISR-SAS-2023-v0.1,Rwanda Season Agriculture Survey 2023,0,0,National Institute of Statistics of Rwanda - Ministry of Finance and Economic Planning,Public use data files,18,53692,897,This seasonal agriculture survey focused on the following units of analysis: Small scale agricultural farms and large scale farms,National coverage allowing district-level estimation of key indicators,The SAS 2023 targeted potential agricultural land and large-scale farmers,"At first stage,1200 segments were selected and allocated at district level based on the power allocation approach (Bankier, 1988). | Sampled segments inside each district were distributed among strata with a proportional-to-size criterion.",3,low,,https://microdata.statistics.gov.rw/index.php/catalog/111
113,RWA-NISR-SAS-2024-v01,Rwanda Seasonal Agricultural Survey 2024,0,0,National Institute of Statistics of Rwanda - Ministry of Finance and Economic Planning,Public use data files,11,54382,710,This seasonal agriculture survey focused on the following units of analysis: Small scale agricultural farms and large scale farms,National coverage allowing district-level estimation of key indicators,The SAS 2024 targeted potential agricultural land and large-scale farmers,"At first stage,1200 segments are selected and allocated at district level based on the power allocation approach (Bankier, 19881). | Sampled segments inside each district are distributed among strata with a proportional-to-area criterion.",3,low,,https://microdata.statistics.gov.rw/index.php/catalog/113
61,rwa-nisr-rpes-2012-v1,Rwanda Post Enumeration Survey 2012,2012,2012,National Institute of Statistics of Rwanda - Ministry of Finance and Economic Planning,No microdata is available,0,,0,The unit of RPES analysis was member of private household.,National coverage,The study covered all sampled private households.,,11,not available,,https://microdata.statistics.gov.rw/index.php/catalog/61
44,RWA_1991_PHC_v01_M,Recensement Général de la Population et de l'Habitat 1991,1991,1991,"Direction G\u00e9n\u00e9ral de la Statistique"","" Commission Nationale de Recensement"","" Service National de Recensement",No microdata is available,0,,0,,National,,,2,not available,,https://microdata.statistics.gov.rw/index.php/catalog/44
46,RWA_1978_PHC_v01_M,Recensement Général de la Population et de l'Habitat 1978,1978,1978,Bureau National de Recensement,No microdata is available,0,,0,,National,,,1,not available,,https://microdata.statistics.gov.rw/index.php/catalog/46
